字符,id,笔画数
一,00000,1
匕,00001,2
卜,00002,2
刀,00003,2
刁,00004,2
丁,00005,2
二,00006,2
了,00007,2
力,00008,2
入,00009,2
人,00010,2
又,00011,2
干,00012,3
才,00013,3
叉,00014,3
土,00015,3
川,00016,3
寸,00017,3
大,00018,3
勺,00019,3
凡,00020,3
廾,00021,3
孓,00022,3
己,00023,3
久,00024,3
弓,00025,3
口,00026,3
工,00027,3
及,00028,3
巾,00029,3
孑,00030,3
女,00031,3
乞,00032,3
廿,00033,4
尢,00034,3
千,00035,3
三,00036,3
山,00037,3
丫,00038,3
亡,00039,3
丸,00040,3
尸,00041,3
刃,00042,3
士,00043,3
夕,00044,3
已,00045,3
上,00046,3
巳,00047,3
小,00048,3
也,00049,3
于,00050,3
下,00051,3
之,00052,3
子,00053,3
弋,00054,3
丈,00055,3
巴,00056,4
分,00057,4
比,00058,4
卞,00059,4
不,00060,4
尺,00061,4
仇,00062,4
丑,00063,4
歹,00064,4
丹,00065,4
吊,00066,6
仃,00067,4
斗,00068,4
厄,00069,4
反,00070,4
介,00071,4
亢,00072,4
氏,00073,4
方,00074,4
勾,00075,4
丐,00076,4
互,00077,4
戈,00078,4
化,00079,4
乏,00080,4
今,00081,4
幻,00082,4
公,00083,4
父,00084,4
夫,00085,4
井,00086,4
木,00087,4
欠,00088,4
毛,00089,4
冗,00090,4
孔,00091,4
日,00092,4
仁,00093,4
卅,00094,4
匹,00095,4
斤,00096,4
手,00097,4
切,00098,4
火,00099,4
什,00100,4
支,00101,4
牛,00102,4
毋,00103,4
片,00104,4
勿,00105,4
午,00106,4
壬,00107,4
仍,00108,4
夭,00109,4
月,00110,4
兮,00111,4
少,00112,4
太,00113,4
水,00114,4
王,00115,4
犬,00116,4
屯,00117,4
爪,00118,4
心,00119,4
尹,00120,4
允,00121,4
四,00122,5
牙,00123,4
天,00124,4
刈,00125,4
文,00126,4
予,00127,4
引,00128,4
止,00129,4
爻,00130,4
尤,00131,4
友,00132,4
仄,00133,4
元,00134,4
中,00135,4
曰,00136,4
凹,00137,5
叭,00138,5
白,00139,5
半,00140,5
包,00141,5
北,00142,5
本,00143,5
平,00144,5
必,00145,5
弁,00146,5
丙,00147,5
布,00148,5
斥,00149,5
叱,00150,5
出,00151,5
司,00152,5
匆,00153,5
且,00154,5
代,00155,5
石,00156,5
冉,00157,5
叨,00158,5
氐,00159,5
叼,00160,5
叮,00161,5
冬,00162,5
禾,00163,5
功,00164,5
弗,00165,5
付,00166,5
弘,00167,5
可,00168,5
瓜,00169,5
叻,00170,5
古,00171,5
句,00172,5
叫,00173,5
市,00174,5
甘,00175,5
兄,00176,5
卡,00177,5
加,00178,5
刊,00179,5
甲,00180,5
立,00181,5
穴,00182,5
另,00183,5
令,00184,5
目,00185,5
末,00186,5
乎,00187,5
巧,00188,5
卉,00189,5
巨,00190,4
囚,00191,5
申,00192,5
丘,00193,5
矛,00194,5
史,00195,5
叩,00196,5
奴,00197,5
皿,00198,5
仞,00199,5
民,00200,5
叵,00201,5
奶,00202,5
占,00203,5
尼,00204,5
疋,00205,5
仟,00206,5
皮,00207,5
丕,00208,5
示,00209,5
去,00210,5
仙,00211,5
他,00212,5
外,00213,5
五,00214,4
卯,00215,5
戊,00216,5
央,00217,5
矢,00218,5
母,00219,5
玄,00220,5
田,00221,5
幼,00222,5
未,00223,5
由,00224,5
甩,00225,5
它,00226,5
仕,00227,5
以,00228,4
印,00229,5
召,00230,5
生,00231,5
世,00232,5
矽,00233,8
札,00234,5
主,00235,5
玉,00236,5
左,00237,5
永,00238,5
瓦,00239,4
乍,00240,5
孕,00241,5
仗,00242,5
用,00243,5
只,00244,5
仔,00245,5
正,00246,5
匝,00247,5
右,00248,5
安,00249,6
仰,00250,6
扒,00251,5
百,00252,6
仳,00253,6
份,00254,6
并,00255,6
冰,00256,6
多,00257,6
宅,00258,6
臣,00259,6
吃,00260,6
弛,00261,6
她,00262,6
充,00263,6
圳,00264,6
舛,00265,6
次,00266,6
此,00267,6
存,00268,6
打,00269,5
地,00270,6
至,00271,6
汀,00272,5
帆,00273,6
而,00274,6
行,00275,6
耒,00276,6
伐,00277,6
仿,00278,6
耳,00279,6
奸,00280,6
舌,00281,6
合,00282,6
好,00283,6
圭,00284,6
圾,00285,6
匠,00286,6
尖,00287,6
妃,00288,6
朵,00289,6
灰,00290,6
艮,00291,6
囝,00292,6
共,00293,6
件,00294,6
各,00295,6
犯,00296,5
尬,00297,7
缶,00298,6
屹,00299,6
交,00300,6
伉,00301,6
回,00302,6
亥,00303,6
光,00304,6
列,00305,6
羽,00306,6
伏,00307,6
匡,00308,6
岌,00309,6
如,00310,6
劣,00311,6
乒,00312,6
老,00313,6
臼,00314,6
米,00315,6
任,00316,6
乓,00317,6
吉,00318,6
乩,00319,6
全,00320,6
旬,00321,6
吏,00322,6
牝,00323,6
企,00324,6
糸,00325,6
色,00326,6
六,00327,4
氖,00328,6
式,00329,6
考,00330,6
似,00331,6
寺,00332,6
危,00333,6
戎,00334,6
汁,00335,5
刎,00336,6
年,00337,6
西,00338,6
血,00339,6
曲,00340,6
戍,00341,6
向,00342,6
肉,00343,6
收,00344,6
有,00345,6
戌,00346,6
匈,00347,6
羊,00348,6
刑,00349,6
凶,00350,4
旭,00351,6
朱,00352,6
吐,00353,6
吸,00354,6
朽,00355,6
同,00356,6
凸,00357,5
妁,00358,6
圯,00359,6
吁,00360,6
名,00361,6
字,00362,6
死,00363,6
守,00364,6
夙,00365,6
扔,00366,5
圩,00367,6
妄,00368,6
舟,00369,6
先,00370,6
因,00371,6
吆,00372,6
吒,00373,6
州,00374,6
伍,00375,6
自,00376,6
宇,00377,6
聿,00378,6
夷,00379,6
在,00380,6
再,00381,6
亦,00382,6
仲,00383,6
竹,00384,6
曳,00385,6
伊,00386,6
早,00387,6
衣,00388,6
旨,00389,6
兆,00390,6
呆,00391,7
呃,00392,7
吧,00393,7
伯,00394,7
伴,00395,7
孛,00396,7
庇,00397,7
妣,00398,7
佛,00399,7
杓,00400,7
兵,00401,7
步,00402,7
材,00403,7
岑,00404,7
岔,00405,7
吵,00406,7
池,00407,6
辰,00408,7
成,00409,6
呈,00410,7
盯,00411,7
赤,00412,7
助,00413,7
串,00414,7
床,00415,7
伺,00416,7
村,00417,7
忖,00418,6
但,00419,7
低,00420,7
弟,00421,7
佃,00422,7
甸,00423,7
佚,00424,7
甬,00425,7
豆,00426,7
杜,00427,7
妒,00428,7
妨,00429,7
坊,00430,7
估,00431,7
谷,00432,7
告,00433,7
究,00434,7
囤,00435,7
改,00436,7
即,00437,7
邑,00438,7
佝,00439,7
彷,00440,7
吩,00441,7
否,00442,7
汗,00443,6
更,00444,7
汞,00445,7
灸,00446,7
均,00447,7
吟,00448,7
冷,00449,7
孚,00450,7
忌,00451,7
杠,00452,7
杆,00453,7
位,00454,7
判,00455,7
坎,00456,7
甫,00457,7
吠,00458,7
囫,00459,7
肓,00460,7
扛,00461,6
坩,00462,8
牢,00463,7
吼,00464,7
含,00465,7
妞,00466,7
君,00467,7
角,00468,7
坑,00469,7
戒,00470,7
何,00471,7
卵,00472,7
忙,00473,6
罕,00474,7
里,00475,7
伽,00476,7
利,00477,7
困,00478,7
局,00479,7
求,00480,7
江,00481,6
攻,00482,7
汲,00483,6
扣,00484,6
李,00485,7
旱,00486,7
劫,00487,7
尿,00488,7
弧,00489,8
亨,00490,7
妓,00491,7
妊,00492,7
克,00493,7
伶,00494,7
完,00495,7
足,00496,7
七,00497,2
身,00498,7
劬,00499,7
吝,00500,7
牡,00501,7
妖,00502,7
弄,00503,7
免,00504,7
妙,00505,7
男,00506,7
良,00507,7
羌,00508,7
忍,00509,7
巡,00510,6
你,00511,7
豕,00512,7
汛,00513,6
屁,00514,7
宋,00515,7
杞,00516,7
杉,00517,7
序,00518,7
佞,00519,7
吾,00520,7
托,00521,6
束,00522,7
姒,00523,7
辛,00524,7
吞,00525,7
汕,00526,6
岐,00527,7
妥,00528,7
圻,00529,7
攸,00530,7
彤,00531,7
巫,00532,7
私,00533,7
坍,00534,7
匣,00535,7
汝,00536,6
杏,00537,7
吱,00538,7
佗,00539,7
呀,00540,7
吻,00541,7
孝,00542,7
圬,00543,6
忘,00544,7
努,00545,7
希,00546,7
污,00547,6
矣,00548,7
尾,00549,7
汐,00550,6
妍,00551,7
役,00552,7
伸,00553,7
兕,00554,7
酉,00555,7
余,00556,7
我,00557,7
佑,00558,7
灼,00559,7
走,00560,7
形,00561,7
卮,00562,5
作,00563,7
皂,00564,7
住,00565,7
坐,00566,7
杖,00567,7
吮,00568,7
言,00569,7
佐,00570,7
冶,00571,7
孜,00572,7
秀,00573,7
妤,00574,7
姊,00575,7
呵,00576,8
哎,00577,8
艾,00578,5
奇,00579,8
岸,00580,8
昂,00581,8
把,00582,7
八,00583,2
爸,00584,8
杷,00585,8
佰,00586,8
版,00587,8
板,00588,8
扳,00589,7
扮,00590,7
杯,00591,8
卑,00592,8
彼,00593,8
枇,00594,8
汴,00595,7
表,00596,8
秉,00597,8
枋,00598,8
帛,00599,8
附,00600,7
兔,00601,8
昌,00602,8
尚,00603,8
抄,00604,7
炒,00605,8
扯,00606,7
坼,00607,8
沉,00608,7
忱,00609,7
枕,00610,8
沈,00611,7
承,00612,8
侈,00613,8
妯,00614,8
扭,00615,7
初,00616,7
杵,00617,8
垂,00618,8
炊,00619,8
沌,00620,7
刺,00621,8
卒,00622,8
昕,00623,8
昔,00624,8
岱,00625,8
到,00626,8
受,00627,8
的,00628,8
底,00629,8
狄,00630,7
店,00631,8
典,00632,8
佻,00633,8
定,00634,8
咚,00635,8
抖,00636,7
投,00637,7
竺,00638,8
泛,00639,7
扼,00640,7
抗,00641,7
居,00642,8
疙,00643,8
咎,00644,8
汽,00645,7
房,00646,8
玖,00647,7
汾,00648,7
非,00649,8
垃,00650,8
姑,00651,8
放,00652,8
忿,00653,8
孤,00654,8
炕,00655,8
姐,00656,8
呱,00657,8
奉,00658,8
咄,00659,8
果,00660,8
剁,00661,8
乖,00662,8
肯,00663,8
枉,00664,8
府,00665,8
官,00666,8
昆,00667,8
具,00668,8
劾,00669,8
氛,00670,8
臾,00671,8
扶,00672,7
沆,00673,7
咖,00674,8
汪,00675,7
杲,00676,8
青,00677,8
亟,00678,8
咕,00679,8
儿,00680,2
呷,00681,8
狂,00682,7
快,00683,7
和,00684,8
固,00685,8
穹,00686,8
技,00687,7
刻,00688,8
虎,00689,8
斧,00690,8
阜,00691,8
卦,00692,8
坷,00693,8
例,00694,8
忽,00695,8
肌,00696,6
昏,00697,8
刮,00698,8
疚,00699,8
赳,00700,9
佬,00701,8
庚,00702,8
供,00703,8
季,00704,8
咐,00705,8
杭,00706,8
或,00707,8
肋,00708,6
抉,00709,7
金,00710,8
京,00711,8
侃,00712,8
屈,00713,8
昊,00714,8
卷,00715,8
帕,00716,8
冽,00717,8
找,00718,7
弩,00719,8
咀,00720,8
妾,00721,8
妮,00722,8
沛,00723,7
肩,00724,8
戕,00725,8
杼,00726,8
沁,00727,7
戾,00728,8
念,00729,8
券,00730,8
咆,00731,8
呼,00732,8
佳,00733,8
奈,00734,8
孟,00735,8
呶,00736,8
帑,00737,8
庖,00738,8
空,00739,8
爬,00740,8
幸,00741,8
汶,00742,7
忸,00743,7
批,00744,7
坤,00745,8
剌,00746,9
取,00747,8
杪,00748,8
命,00749,8
歧,00750,8
味,00751,8
呢,00752,8
疝,00753,8
枚,00754,8
抒,00755,7
妻,00756,8
虱,00757,8
些,00758,8
氓,00759,8
呻,00760,8
於,00761,8
岷,00762,8
枝,00763,8
社,00764,7
妹,00765,8
事,00766,8
始,00767,8
佩,00768,8
所,00769,8
沫,00770,8
欣,00771,8
坦,00772,8
沙,00773,7
宜,00774,8
盲,00775,8
汰,00776,7
坡,00777,8
林,00778,8
旺,00779,8
刷,00780,8
折,00781,7
汨,00782,7
呸,00783,8
牧,00784,8
姆,00785,8
坪,00786,8
忝,00787,8
委,00788,8
侍,00789,8
炎,00790,8
舍,00791,8
朋,00792,8
沐,00793,7
沃,00794,7
奄,00795,8
使,00796,8
物,00797,8
乳,00798,8
析,00799,8
宛,00800,8
盂,00801,8
依,00802,8
祀,00803,7
帖,00804,8
享,00805,8
沂,00806,7
易,00807,8
姓,00808,8
岳,00809,8
佾,00810,8
咒,00811,8
佯,00812,8
弦,00813,8
杳,00814,8
刖,00815,6
沅,00816,7
直,00817,8
昀,00818,8
炙,00819,8
制,00820,8
抓,00821,7
夜,00822,8
咋,00823,8
罔,00824,8
岫,00825,8
往,00826,8
卓,00827,8
武,00828,8
侑,00829,8
怎,00830,9
侏,00831,8
忪,00832,7
知,00833,8
肴,00834,8
抑,00835,7
周,00836,8
雨,00837,8
宙,00838,8
宗,00839,8
哀,00840,9
拗,00841,8
拔,00842,8
疤,00843,9
拜,00844,9
拌,00845,8
抱,00846,8
保,00847,9
炮,00848,9
背,00849,9
怫,00850,8
波,00851,8
甭,00852,9
泵,00853,9
抨,00854,8
泌,00855,8
拂,00856,8
便,00857,9
扁,00858,9
砭,00859,9
封,00860,9
拚,00861,8
屏,00862,9
柄,00863,9
炳,00864,9
泊,00865,8
勃,00866,9
怕,00867,8
拍,00868,8
哺,00869,10
怖,00870,8
拆,00871,8
查,00872,9
差,00873,9
柴,00874,10
沾,00875,8
拖,00876,8
柢,00877,9
沱,00878,8
治,00879,8
重,00880,9
盅,00881,9
抽,00882,8
怵,00883,8
春,00884,9
促,00885,9
斫,00886,9
奏,00887,9
怛,00888,8
待,00889,9
怠,00890,9
殆,00891,9
毒,00892,9
抵,00893,8
帝,00894,9
芍,00895,6
拈,00896,8
酊,00897,9
峒,00898,9
度,00899,9
肚,00900,7
段,00901,9
盾,00902,9
盹,00903,9
法,00904,8
盼,00905,9
韭,00906,9
契,00907,9
缸,00908,9
建,00909,8
哇,00910,9
垓,00911,9
赴,00912,9
狗,00913,8
孩,00914,9
疥,00915,9
俊,00916,9
拘,00917,8
姜,00918,9
俄,00919,9
曷,00920,9
虹,00921,9
柙,00922,9
肝,00923,7
姣,00924,9
皈,00925,9
狙,00926,8
侯,00927,9
虺,00928,9
枸,00929,9
咳,00930,9
咯,00931,9
九,00932,2
前,00933,9
故,00934,9
宦,00935,9
沸,00936,8
癸,00937,9
氟,00938,9
祈,00939,8
奎,00940,9
沮,00941,8
柯,00942,9
娃,00943,9
垠,00944,9
疳,00945,10
巷,00946,9
狐,00947,8
既,00948,9
徊,00949,9
哈,00950,9
垢,00951,9
矜,00952,9
拎,00953,8
看,00954,9
牯,00955,9
哄,00956,9
很,00957,9
芒,00958,6
架,00959,9
拒,00960,7
拐,00961,8
俐,00962,9
柑,00963,9
押,00964,8
冠,00965,9
砍,00966,9
沽,00967,8
肛,00968,7
皇,00969,9
界,00970,9
柳,00971,9
泓,00972,8
俘,00973,9
拉,00974,8
虻,00975,9
冒,00976,9
皆,00977,9
俚,00978,9
咧,00979,9
眇,00980,9
後,00981,9
姘,00982,9
柬,00983,9
厚,00984,9
俏,00985,9
虐,00986,9
怒,00987,9
枯,00988,9
竿,00989,9
哪,00990,9
趴,00991,9
抹,00992,8
河,00993,8
怩,00994,8
柒,00995,9
盆,00996,9
泣,00997,8
科,00998,9
亮,00999,9
后,01000,6
恰,01001,9
玟,01002,8
昧,01003,9
屎,01004,9
急,01005,9
叛,01006,9
耐,01007,9
秒,01008,9
炯,01009,9
品,01010,9
咬,01011,9
舢,01012,9
泡,01013,8
秋,01014,9
勉,01015,9
招,01016,8
泖,01017,8
某,01018,9
匍,01019,9
客,01020,9
泠,01021,8
玫,01022,8
泥,01023,8
是,01024,9
咪,01025,9
弭,01026,9
俞,01027,9
酋,01028,9
抿,01029,8
披,01030,8
染,01031,9
炬,01032,8
削,01033,9
美,01034,9
咩,01035,9
衫,01036,8
泄,01037,8
首,01038,9
哂,01039,9
甚,01040,9
眉,01041,9
咽,01042,9
食,01043,9
律,01044,9
芋,01045,6
侵,01046,9
拓,01047,8
泉,01048,9
袂,01049,9
拭,01050,9
祆,01051,8
炭,01052,9
庭,01053,9
拇,01054,8
泯,01055,8
沔,01056,7
南,01057,9
枰,01058,9
叟,01059,9
映,01060,9
胥,01061,9
香,01062,9
娜,01063,9
砂,01064,9
姚,01065,9
柔,01066,9
思,01067,9
怯,01068,8
室,01069,9
咦,01070,9
疫,01071,9
相,01072,9
牲,01073,9
泗,01074,8
突,01075,9
卸,01076,9
畏,01077,9
施,01078,9
庠,01079,9
姨,01080,9
柝,01081,9
恃,01082,9
畎,01083,9
玩,01084,8
耍,01085,9
亭,01086,9
泅,01087,8
哉,01088,9
柚,01089,9
性,01090,8
威,01091,9
省,01092,9
剃,01093,9
侮,01094,9
咻,01095,9
歪,01096,9
信,01097,9
屋,01098,9
羿,01099,9
眨,01100,9
蚤,01101,9
沿,01102,8
柿,01103,9
怨,01104,9
沼,01105,8
畋,01106,9
狎,01107,8
怏,01108,8
俗,01109,9
衍,01110,9
幽,01111,9
峙,01112,9
禺,01113,9
宣,01114,9
囿,01115,9
型,01116,9
要,01117,9
炫,01118,9
咫,01119,9
注,01120,8
爰,01121,9
胃,01122,9
柞,01123,9
昨,01124,9
咿,01125,9
泳,01126,8
垣,01127,9
奕,01128,9
俎,01129,9
宥,01130,9
籽,01131,9
姻,01132,9
怔,01133,8
者,01134,8
竽,01135,9
炸,01136,9
禹,01137,9
俑,01138,9
胄,01139,9
怡,01140,8
弈,01141,9
柱,01142,9
胤,01143,9
拄,01144,8
昭,01145,9
勇,01146,9
姿,01147,9
疣,01148,9
徉,01149,9
芝,01150,6
拙,01151,8
星,01152,9
昱,01153,9
油,01154,8
祉,01155,8
肘,01156,7
音,01157,9
殃,01158,9
咨,01159,9
政,01160,9
盈,01161,9
啊,01162,10
唉,01163,10
埃,01164,10
按,01165,9
俺,01166,10
案,01167,10
氨,01168,10
盎,01169,10
敖,01170,10
芭,01171,7
笆,01172,10
耙,01173,10
柏,01174,9
派,01175,9
班,01176,10
般,01177,10
舨,01178,10
梆,01179,10
旁,01180,10
豹,01181,10
倍,01182,10
俾,01183,10
畚,01184,10
俸,01185,10
秘,01186,10
服,01187,8
病,01188,10
拼,01189,9
玻,01190,9
亳,01191,10
埔,01192,10
睬,01193,13
豺,01194,10
倡,01195,10
晁,01196,10
宸,01197,10
疹,01198,10
秤,01199,10
乘,01200,10
城,01201,9
翅,01202,10
持,01203,9
蚩,01204,10
臭,01205,10
畜,01206,10
祝,01207,9
肫,01208,8
祠,01209,9
脆,01210,10
衰,01211,10
厝,01212,10
疸,01213,10
玳,01214,9
耽,01215,10
倒,01216,10
洮,01217,9
娣,01218,10
砥,01219,10
玷,01220,9
凋,01221,10
挑,01222,9
爹,01223,10
洞,01224,9
恫,01225,9
桐,01226,10
蚪,01227,10
哦,01228,10
峨,01229,10
峰,01230,10
俯,01231,10
芥,01232,7
拾,01233,9
掀,01234,11
疾,01235,10
砝,01236,10
核,01237,10
鬼,01238,9
活,01239,9
眩,01240,10
肥,01241,8
洱,01242,9
恩,01243,10
家,01244,10
羔,01245,10
姬,01246,10
芳,01247,7
脊,01248,10
拱,01249,9
函,01250,8
倥,01251,10
骨,01252,9
粉,01253,10
蚣,01254,10
根,01255,10
桁,01256,10
俱,01257,10
借,01258,10
匪,01259,10
舫,01260,10
婀,01261,10
肺,01262,8
鬲,01263,10
躬,01264,10
朗,01265,10
罟,01266,10
股,01267,8
芬,01268,7
烘,01269,10
釜,01270,10
娌,01271,10
花,01272,7
哥,01273,10
屐,01274,10
倌,01275,10
恍,01276,9
洹,01277,9
狠,01278,9
柩,01279,9
害,01280,10
哩,01281,10
洽,01282,9
蚶,01283,11
倦,01284,10
桓,01285,10
耿,01286,10
倨,01287,10
疽,01288,10
桔,01289,10
唔,01290,10
哭,01291,10
娥,01292,10
洎,01293,9
格,01294,10
恢,01295,9
芙,01296,7
夏,01297,10
祖,01298,9
倚,01299,10
洪,01300,9
恐,01301,10
拷,01302,9
恪,01303,9
哼,01304,10
盍,01305,10
航,01306,10
挂,01307,9
哽,01308,10
恭,01309,10
拮,01310,9
矩,01311,9
狡,01312,9
氦,01313,10
津,01314,9
耗,01315,10
怪,01316,8
唧,01317,10
埂,01318,10
括,01319,9
烙,01320,10
肱,01321,8
洌,01322,9
租,01323,10
桂,01324,10
高,01325,10
倔,01326,10
酒,01327,10
桅,01328,10
兼,01329,10
缺,01330,10
倪,01331,10
砰,01332,10
峻,01333,10
桀,01334,10
秦,01335,10
桑,01336,10
候,01337,10
祗,01338,9
校,01339,10
烤,01340,10
哨,01341,10
峭,01342,10
娟,01343,10
恨,01344,9
畔,01345,10
凌,01346,10
栗,01347,10
挈,01348,10
拿,01349,10
玲,01350,9
倩,01351,10
芹,01352,7
痂,01353,10
珀,01354,9
芰,01355,7
洛,01356,9
眠,01357,10
埋,01358,10
秣,01359,10
框,01360,10
留,01361,10
匿,01362,10
耆,01363,10
射,01364,10
俳,01365,10
疲,01366,10
砌,01367,9
偌,01368,10
烈,01369,10
敉,01370,10
芟,01371,7
娉,01372,10
哮,01373,10
娑,01374,10
能,01375,10
素,01376,10
扇,01377,10
舐,01378,10
殊,01379,10
恤,01380,9
破,01381,10
迅,01382,6
晒,01383,10
桃,01384,10
屑,01385,10
容,01386,10
恕,01387,10
晌,01388,10
神,01389,9
晏,01390,10
息,01391,10
衽,01392,9
殉,01393,10
拳,01394,10
剖,01395,10
十,01396,2
弱,01397,10
索,01398,10
辱,01399,10
拴,01400,9
挺,01401,9
奚,01402,10
唐,01403,10
虔,01404,10
梃,01405,10
耄,01406,10
洋,01407,9
倭,01408,10
洵,01409,9
洫,01410,9
娘,01411,10
唆,01412,10
臬,01413,10
唏,01414,10
栓,01415,10
翁,01416,10
席,01417,10
育,01418,8
起,01419,10
迂,01420,6
芽,01421,7
配,01422,10
氧,01423,10
旅,01424,10
朔,01425,10
修,01426,9
肢,01427,8
胭,01428,10
祟,01429,10
邕,01430,10
甜,01431,11
洗,01432,9
栩,01433,10
娓,01434,10
蚊,01435,10
挖,01436,9
珊,01437,9
益,01438,10
圃,01439,10
拯,01440,9
娠,01441,10
氤,01442,10
秧,01443,10
舀,01444,10
疼,01445,10
窄,01446,10
展,01447,10
狩,01448,9
砷,01449,10
迄,01450,6
紊,01451,10
蚜,01452,10
奘,01453,10
衷,01454,10
泰,01455,10
冢,01456,10
芯,01457,7
笑,01458,10
恬,01459,9
拽,01460,9
砸,01461,10
特,01462,10
致,01463,10
套,01464,10
耘,01465,10
恙,01466,10
洧,01467,9
祚,01468,9
徐,01469,10
唁,01470,10
烊,01471,10
窈,01472,10
酌,01473,10
砟,01474,10
洲,01475,9
宵,01476,10
圄,01477,10
站,01478,10
芷,01479,7
症,01480,10
峪,01481,10
宴,01482,10
原,01483,10
栽,01484,10
真,01485,10
值,01486,10
宰,01487,10
效,01488,10
朕,01489,10
株,01490,10
准,01491,10
蚓,01492,10
芸,01493,7
恣,01494,10
砧,01495,10
指,01496,9
秩,01497,10
剜,01498,10
珍,01499,9
袁,01500,10
座,01501,10
桌,01502,10
挨,01503,10
崖,01504,11
庵,01505,11
盒,01506,11
捌,01507,10
邦,01508,6
苞,01509,8
胞,01510,9
袍,01511,10
被,01512,10
埤,01513,11
苯,01514,8
笨,01515,11
崩,01516,11
逼,01517,12
敝,01518,11
婢,01519,11
匾,01520,11
彪,01521,11
婊,01522,11
舶,01523,11
捕,01524,10
埠,01525,11
彩,01526,11
曹,01527,11
赦,01528,11
涔,01529,10
斜,01530,11
唱,01531,11
常,01532,11
徜,01533,11
娼,01534,11
巢,01535,11
趁,01536,12
晨,01537,11
匙,01538,11
豉,01539,11
敕,01540,11
笞,01541,11
移,01542,11
胝,01543,9
蛇,01544,11
崇,01545,11
涌,01546,10
舂,01547,11
啜,01548,11
船,01549,11
唇,01550,10
瓷,01551,10
疵,01552,11
族,01553,11
粗,01554,11
戚,01555,11
崔,01556,11
浚,01557,10
挫,01558,10
袋,01559,11
啖,01560,11
啁,01561,11
得,01562,11
笛,01563,11
涎,01564,9
涉,01565,10
窒,01566,11
兜,01567,11
堆,01568,11
舵,01569,11
啡,01570,11
瓠,01571,11
浩,01572,10
寂,01573,11
梵,01574,11
烽,01575,11
蛄,01576,11
基,01577,11
捍,01578,10
梗,01579,11
毫,01580,11
返,01581,7
匐,01582,11
酣,01583,12
戛,01584,11
趺,01585,11
晦,01586,11
副,01587,11
翎,01588,11
珞,01589,10
敢,01590,11
苟,01591,8
豚,01592,11
芾,01593,7
符,01594,11
寄,01595,11
乾,01596,11
邢,01597,6
胡,01598,9
苛,01599,8
婚,01600,11
健,01601,10
渠,01602,11
旌,01603,11
狷,01604,10
梨,01605,11
率,01606,11
凰,01607,11
剪,01608,11
海,01609,10
康,01610,11
救,01611,11
胛,01612,9
啃,01613,11
袈,01614,11
患,01615,11
痕,01616,11
勘,01617,11
假,01618,11
蛆,01619,11
娶,01620,11
苦,01621,8
浸,01622,10
焊,01623,11
蚵,01624,11
祭,01625,11
硎,01626,11
斛,01627,11
雀,01628,11
唬,01629,11
狸,01630,10
崛,01631,11
浮,01632,10
粒,01633,11
教,01634,11
圈,01635,11
涅,01636,10
匏,01637,11
苣,01638,7
胖,01639,9
彗,01640,11
烹,01641,11
捎,01642,10
苗,01643,8
茄,01644,8
捆,01645,10
勒,01646,11
那,01647,6
眷,01648,11
票,01649,11
皎,01650,11
捐,01651,10
悍,01652,10
崆,01653,11
曼,01654,11
盔,01655,11
畦,01656,11
笠,01657,11
茂,01658,8
培,01659,11
眶,01660,11
略,01661,11
涓,01662,10
悔,01663,10
浦,01664,10
卿,01665,10
蚯,01666,11
密,01667,11
痊,01668,11
婆,01669,11
宿,01670,11
近,01671,7
蛉,01672,11
羚,01673,11
苓,01674,8
梢,01675,11
啤,01676,11
胚,01677,9
旎,01678,11
聊,01679,11
偶,01680,11
扈,01681,11
阡,01682,5
犁,01683,11
浪,01684,10
茉,01685,8
梁,01686,11
竟,01687,11
茅,01688,8
冕,01689,11
麻,01690,11
啪,01691,11
徙,01692,11
流,01693,10
聆,01694,11
售,01695,11
崎,01696,11
悌,01697,10
捂,01698,10
婪,01699,11
徘,01700,11
苜,01701,8
舷,01702,11
望,01703,11
唳,01704,11
野,01705,11
您,01706,11
奢,01707,11
孰,01708,11
研,01709,9
浴,01710,10
商,01711,11
梧,01712,11
捏,01713,10
偏,01714,11
眸,01715,11
若,01716,8
敏,01717,11
爽,01718,11
悄,01719,10
堂,01720,11
粕,01721,11
寇,01722,11
偎,01723,11
悚,01724,10
梅,01725,11
挽,01726,10
胎,01727,9
恿,01728,11
梭,01729,11
帷,01730,11
悟,01731,10
梳,01732,11
雪,01733,11
英,01734,8
祥,01735,10
苔,01736,8
偷,01737,11
痔,01738,11
眼,01739,11
焉,01740,11
眺,01741,11
邪,01742,6
苒,01743,8
消,01744,10
茆,01745,8
晚,01746,11
紫,01747,12
笙,01748,11
桶,01749,11
雩,01750,11
庶,01751,11
悠,01752,11
啕,01753,11
茁,01754,8
停,01755,11
剔,01756,10
袒,01757,10
崤,01758,11
晤,01759,11
笮,01760,11
婉,01761,11
捉,01762,10
琊,01763,10
袖,01764,10
窕,01765,11
做,01766,11
域,01767,11
械,01768,11
梓,01769,11
屠,01770,11
酗,01771,11
廷,01772,6
倏,01773,10
旋,01774,11
唯,01775,11
涕,01776,10
扎,01777,4
崧,01778,11
烯,01779,11
郾,01780,11
梯,01781,11
苑,01782,8
振,01783,10
庸,01784,11
圉,01785,11
唾,01786,11
延,01787,6
悉,01788,11
尉,01789,11
唷,01790,11
寅,01791,11
章,01792,11
痍,01793,11
迎,01794,7
蛀,01795,11
庾,01796,11
珠,01797,10
蚱,01798,11
啄,01799,11
偕,01800,11
欲,01801,11
翌,01802,11
蛭,01803,12
偃,01804,11
浙,01805,10
捱,01806,11
傲,01807,12
棍,01808,12
跋,01809,12
排,01810,11
阪,01811,6
棒,01812,12
傍,01813,12
彭,01814,12
堡,01815,12
裒,01816,12
悲,01817,12
焙,01818,12
邶,01819,7
幅,01820,12
跛,01821,12
博,01822,12
番,01823,12
跑,01824,12
采,01825,8
裁,01826,12
猜,01827,11
孱,01828,12
草,01829,9
策,01830,12
曾,01831,12
茶,01832,9
接,01833,11
喳,01834,12
敞,01835,12
猖,01836,11
淌,01837,11
朝,01838,12
超,01839,12
掣,01840,12
堪,01841,12
盛,01842,11
程,01843,12
啻,01844,12
喜,01845,12
惆,01846,11
楮,01847,12
淑,01848,11
硫,01849,12
絮,01850,12
喘,01851,12
窗,01852,12
捶,01853,11
椎,01854,12
淳,01855,11
荃,01856,9
茨,01857,9
嵯,01858,12
措,01859,11
淙,01860,11
淬,01861,11
悴,01862,11
皴,01863,12
最,01864,12
答,01865,12
迭,01866,8
棣,01867,12
淡,01868,11
氮,01869,12
悼,01870,11
登,01871,12
第,01872,11
堤,01873,12
迪,01874,8
邸,01875,7
惦,01876,11
奠,01877,12
蜓,01878,12
掉,01879,11
貂,01880,12
跌,01881,12
耋,01882,12
喋,01883,12
筒,01884,12
痘,01885,12
短,01886,12
敦,01887,12
防,01888,6
筏,01889,12
斐,01890,12
焚,01891,12
控,01892,11
淦,01893,11
涪,01894,11
喟,01895,12
裂,01896,12
棚,01897,12
割,01898,12
袱,01899,11
茫,01900,9
筋,01901,12
傀,01902,11
捧,01903,11
扉,01904,12
喝,01905,12
掘,01906,11
聒,01907,12
戢,01908,12
景,01909,12
嗟,01910,12
堠,01911,12
喉,01912,12
傅,01913,12
皖,01914,12
喊,01915,12
富,01916,12
棘,01917,12
焦,01918,12
荒,01919,9
窖,01920,12
棺,01921,12
混,01922,11
悸,01923,11
椒,01924,12
皓,01925,12
胱,01926,10
胳,01927,10
距,01928,11
喀,01929,12
寒,01930,12
迦,01931,8
硬,01932,12
集,01933,12
捩,01934,11
啾,01935,12
晷,01936,12
杰,01937,8
蛟,01938,12
棵,01939,12
徨,01940,12
蛙,01941,12
淮,01942,11
蛤,01943,12
吭,01944,7
惚,01945,11
皋,01946,10
厥,01947,12
掬,01948,11
几,01949,2
荐,01950,9
嵌,01951,12
街,01952,12
阱,01953,6
晶,01954,12
帽,01955,12
蛞,01956,12
雇,01957,12
辜,01958,12
惠,01959,12
期,01960,12
棋,01961,12
嵇,01962,12
蛐,01963,12
惑,01964,12
描,01965,11
喇,01966,12
筐,01967,12
就,01968,12
茴,01969,9
蛔,01970,12
荔,01971,9
琉,01972,11
竣,01973,12
牌,01974,12
媚,01975,12
戟,01976,12
捻,01977,11
晾,01978,12
迫,01979,8
淋,01980,11
氯,01981,12
邱,01982,7
涵,01983,11
量,01984,12
理,01985,11
胼,01986,10
茗,01987,9
淇,01988,11
窘,01989,12
捺,01990,11
荏,01991,9
莒,01992,9
琅,01993,11
寐,01994,12
掠,01995,11
啦,01996,11
述,01997,8
剩,01998,12
普,01999,12
深,02000,11
掏,02001,11
阮,02002,6
啼,02003,12
情,02004,11
森,02005,12
跚,02006,12
邵,02007,7
婿,02008,12
翕,02009,12
腆,02010,12
崴,02011,12
喃,02012,12
涸,02013,11
棉,02014,12
清,02015,11
然,02016,12
涮,02017,11
黑,02018,12
痞,02019,12
斯,02020,12
粟,02021,12
越,02022,12
欺,02023,12
痢,02024,12
硝,02025,12
俟,02026,9
稍,02027,12
瘦,02028,14
球,02029,11
毯,02030,12
散,02031,12
疏,02032,12
耜,02033,11
椅,02034,12
殖,02035,12
猛,02036,11
茹,02037,9
痛,02038,12
推,02039,11
巽,02040,12
悻,02041,11
跆,02042,12
赧,02043,11
覃,02044,12
晰,02045,12
媒,02046,12
善,02047,12
授,02048,11
舜,02049,12
淞,02050,11
液,02051,11
喔,02052,12
淫,02053,11
棠,02054,12
惟,02055,11
淅,02056,11
祁,02057,6
晴,02058,12
淘,02059,11
胸,02060,10
喂,02061,12
舒,02062,12
跎,02063,12
茸,02064,9
探,02065,11
茱,02066,9
惋,02067,11
粥,02068,12
飧,02069,12
徇,02070,9
犀,02071,12
壹,02072,12
惜,02073,11
迤,02074,8
禽,02075,12
淆,02076,11
淤,02077,11
甥,02078,12
嫂,02079,12
胰,02080,10
惘,02081,11
掩,02082,11
酥,02083,12
翔,02084,12
荀,02085,9
稀,02086,12
雄,02087,12
循,02088,12
咱,02089,9
涯,02090,11
淹,02091,11
掌,02092,12
寓,02093,12
雯,02094,12
掖,02095,11
雁,02096,12
蛛,02097,12
智,02098,12
哲,02099,10
棕,02100,12
喻,02101,12
替,02102,12
喧,02103,12
云,02104,4
堰,02105,12
涿,02106,11
淄,02107,11
童,02108,12
棹,02109,12
婷,02110,12
象,02111,11
雅,02112,12
茵,02113,9
黍,02114,12
釉,02115,12
痣,02116,12
植,02117,12
媛,02118,12
尊,02119,12
脂,02120,10
阿,02121,7
矮,02122,13
乃,02123,2
暗,02124,13
嗷,02125,13
靶,02126,13
湃,02127,12
斑,02128,12
刨,02129,7
雹,02130,13
碑,02131,13
迸,02132,9
辟,02133,13
荸,02134,10
愎,02135,12
媲,02136,13
剽,02137,13
摒,02138,12
脖,02139,11
渤,02140,12
募,02141,12
踩,02142,15
插,02143,12
搽,02144,12
捷,02145,11
荼,02146,10
搓,02147,12
剿,02148,13
琛,02149,12
填,02150,13
湛,02151,12
嗤,02152,13
提,02153,12
莉,02154,10
愁,02155,13
稠,02156,13
酬,02157,13
楚,02158,13
揣,02159,12
惴,02160,12
蠢,02161,21
揍,02162,12
催,02163,13
瘁,02164,13
搭,02165,12
塔,02166,12
靼,02167,14
塌,02168,13
迨,02169,8
詹,02170,13
荻,02171,10
殿,02172,13
碘,02173,13
碉,02174,13
跳,02175,13
牒,02176,13
鼎,02177,12
渡,02178,12
堵,02179,11
督,02180,13
碓,02181,13
追,02182,9
渴,02183,12
概,02184,13
跺,02185,13
感,02186,13
莞,02187,10
琨,02188,12
貉,02189,13
蛾,02190,13
陀,02191,7
躲,02192,13
惶,02193,12
稞,02194,13
痱,02195,13
湟,02196,12
畸,02197,13
揩,02198,12
嗑,02199,13
跤,02200,13
揭,02201,12
豢,02202,13
舅,02203,13
嗯,02204,13
荷,02205,10
愍,02206,13
惰,02207,12
猴,02208,12
煌,02209,13
湖,02210,12
愕,02211,12
愣,02212,12
睢,02213,13
郝,02214,9
戡,02215,13
筠,02216,13
蜂,02217,13
嫁,02218,13
揖,02219,12
溉,02220,12
喙,02221,12
楷,02222,13
莆,02223,10
琥,02224,12
解,02225,13
嫉,02226,13
迥,02227,8
慨,02228,12
跟,02229,13
靖,02230,13
揪,02231,12
郊,02232,8
暇,02233,13
髡,02234,13
湔,02235,12
斡,02236,14
酪,02237,13
毽,02238,12
晃,02239,10
雉,02240,13
幌,02241,13
脯,02242,11
裘,02243,13
睛,02244,13
愀,02245,12
廉,02246,13
貊,02247,13
煎,02248,13
窟,02249,13
粱,02250,13
楫,02251,13
麂,02252,13
廊,02253,11
渺,02254,12
粳,02255,13
禁,02256,13
零,02257,13
夸,02258,6
硼,02259,13
祺,02260,12
揆,02261,12
盟,02262,13
箝,02263,14
酩,02264,13
廓,02265,13
娩,02266,10
雷,02267,13
楠,02268,13
琴,02269,12
睫,02270,13
瓶,02271,10
琳,02272,12
琦,02273,12
楞,02274,13
莓,02275,10
敬,02276,12
跪,02277,13
游,02278,12
睥,02279,13
睨,02280,13
湄,02281,12
嗥,02282,13
聘,02283,13
窠,02284,13
渥,02285,12
睦,02286,13
逆,02287,9
揉,02288,12
蜊,02289,13
莽,02290,10
煤,02291,13
惹,02292,12
御,02293,12
勤,02294,13
迷,02295,9
路,02296,13
楣,02297,13
楝,02298,13
琵,02299,12
煨,02300,13
煞,02301,13
愆,02302,13
稔,02303,13
塞,02304,13
鼠,02305,13
群,02306,13
搔,02307,12
塑,02308,13
琪,02309,12
痿,02310,13
暑,02311,12
蜈,02312,13
嗣,02313,13
嗜,02314,13
筮,02315,13
握,02316,12
搜,02317,12
猩,02318,12
熄,02319,14
蜀,02320,13
愉,02321,12
嗓,02322,13
睡,02323,13
逃,02324,9
筵,02325,12
裙,02326,12
艇,02327,12
肆,02328,13
莘,02329,10
送,02330,9
裟,02331,13
碗,02332,13
莫,02333,10
湍,02334,12
莎,02335,10
渭,02336,12
煦,02337,13
暖,02338,13
嫌,02339,13
嗉,02340,13
琶,02341,12
痰,02342,13
想,02343,13
歇,02344,13
嗡,02345,13
佣,02346,7
碎,02347,13
靴,02348,13
訾,02349,13
塘,02350,13
莠,02351,10
渲,02352,12
衙,02353,13
嵩,02354,13
暄,02355,13
楔,02356,13
嗦,02357,13
蛹,02358,13
嗅,02359,13
罩,02360,13
裕,02361,12
媳,02362,13
蝓,02363,15
微,02364,13
渣,02365,12
照,02366,13
猥,02367,12
湘,02368,12
退,02369,9
蜃,02370,13
惺,02371,12
斟,02372,13
肄,02373,13
琢,02374,12
稚,02375,13
阻,02376,7
椰,02377,12
裔,02378,13
愚,02379,13
煜,02380,13
榆,02381,13
意,02382,13
新,02383,13
虞,02384,13
湮,02385,12
郁,02386,8
雍,02387,13
渚,02388,11
蜇,02389,13
楹,02390,13
罪,02391,13
瘀,02392,13
煮,02393,12
孳,02394,12
置,02395,13
愈,02396,13
猷,02397,13
腌,02398,12
熬,02399,14
搬,02400,13
榜,02401,14
悖,02402,10
菩,02403,11
鼻,02404,14
碧,02405,14
弊,02406,14
裨,02407,13
脾,02408,12
嫖,02409,14
菠,02410,11
搏,02411,13
箔,02412,14
溥,02413,13
菜,02414,11
臧,02415,14
嘈,02416,14
造,02417,10
僧,02418,14
察,02419,14
裳,02420,14
嫦,02421,14
逞,02422,10
趟,02423,15
郢,02424,9
僮,02425,14
溴,02426,13
慈,02427,13
雌,02428,14
滋,02429,12
翠,02430,14
粹,02431,14
萃,02432,11
瘩,02433,14
凳,02434,14
嫡,02435,14
翟,02436,14
嘀,02437,14
逐,02438,10
滇,02439,13
蜩,02440,14
碟,02441,14
逗,02442,10
睹,02443,13
孵,02444,14
菲,02445,11
嘎,02446,14
菔,02447,11
愧,02448,12
腐,02449,14
福,02450,13
鼓,02451,13
管,02452,14
降,02453,8
歌,02454,14
腑,02455,12
腓,02456,12
逢,02457,10
漓,02458,13
菰,02459,11
搞,02460,13
廖,02461,14
僭,02462,14
滑,02463,12
嘉,02464,14
划,02465,6
酷,02466,14
兢,02467,14
暨,02468,14
酵,02469,14
裹,02470,14
裴,02471,14
嫘,02472,14
菽,02473,11
豪,02474,14
犒,02475,14
菅,02476,11
郡,02477,9
甄,02478,13
膏,02479,14
碣,02480,14
菱,02481,11
寡,02482,14
聚,02483,14
翡,02484,14
箕,02485,14
竭,02486,14
睽,02487,14
蜻,02488,14
槁,02489,14
菁,02490,11
逛,02491,10
菊,02492,11
槐,02493,13
溘,02494,13
嗨,02495,13
褂,02496,13
骷,02497,14
菌,02498,11
瑚,02499,13
瑙,02500,13
骰,02501,13
瑁,02502,13
截,02503,14
腔,02504,12
僚,02505,14
赫,02506,14
寞,02507,13
陌,02508,8
寥,02509,14
雒,02510,14
么,02511,3
榴,02512,14
蜜,02513,14
幕,02514,13
辣,02515,14
碰,02516,13
筷,02517,13
逵,02518,11
精,02519,14
魂,02520,13
夥,02521,14
裸,02522,13
嘛,02523,14
魁,02524,13
嫩,02525,14
髦,02526,14
膂,02527,14
郎,02528,8
瞄,02529,13
冥,02530,10
溜,02531,13
蜷,02532,14
疑,02533,14
溺,02534,13
伙,02535,6
需,02536,14
陋,02537,8
榷,02538,14
劂,02539,14
蜢,02540,14
透,02541,10
墓,02542,13
限,02543,8
墅,02544,14
榔,02545,12
仆,02546,4
境,02547,14
耶,02548,8
榕,02549,14
萌,02550,11
暝,02551,14
溧,02552,13
瑞,02553,13
幔,02554,14
煽,02555,14
蜴,02556,14
通,02557,10
瑟,02558,13
碳,02559,14
搴,02560,14
敲,02561,14
署,02562,13
塾,02563,14
酸,02564,14
嗾,02565,14
歉,02566,14
誓,02567,14
榻,02568,14
算,02569,14
萋,02570,11
惕,02571,11
瘟,02572,14
台,02573,5
腕,02574,12
鞋,02575,15
慎,02576,13
寨,02577,14
菟,02578,11
熔,02579,14
菸,02580,11
寤,02581,14
嗽,02582,14
溶,02583,13
逝,02584,10
嫣,02585,14
溢,02586,13
滂,02587,13
萍,02588,11
旗,02589,14
腴,02590,12
舔,02591,14
溪,02592,13
舞,02593,14
萄,02594,11
途,02595,10
劓,02596,16
蜿,02597,14
速,02598,10
艋,02599,14
墟,02600,14
榭,02601,14
瑕,02602,13
蜥,02603,14
搪,02604,13
鞅,02605,14
逍,02606,10
帚,02607,8
酴,02608,14
旖,02609,14
冤,02610,10
志,02611,7
萎,02612,11
腋,02613,12
逖,02614,10
像,02615,13
溯,02616,13
毓,02617,14
榨,02618,14
肇,02619,14
瑛,02620,12
源,02621,13
滕,02622,15
幛,02623,14
夤,02624,14
蜘,02625,14
萸,02626,11
瑜,02627,13
愿,02628,14
粽,02629,14
韶,02630,14
滔,02631,13
僖,02632,14
摭,02633,14
猿,02634,13
熊,02635,14
滓,02636,13
彰,02637,14
榛,02638,14
鞍,02639,15
噢,02640,15
瘢,02641,15
暴,02642,15
褒,02643,15
褓,02644,14
葆,02645,12
葡,02646,12
奔,02647,8
陛,02648,9
陴,02649,10
蝙,02650,15
褊,02651,14
魄,02652,14
部,02653,10
槽,02654,15
漕,02655,14
增,02656,15
徵,02657,15
踟,02658,15
墀,02659,15
除,02660,9
著,02661,11
褚,02662,13
幢,02663,15
醇,02664,15
磁,02665,14
趣,02666,15
醋,02667,15
摧,02668,14
磋,02669,14
褡,02670,14
逮,02671,11
稻,02672,15
德,02673,15
嶝,02674,15
滴,02675,14
蒂,02676,12
蝶,02677,15
踢,02678,15
董,02679,12
陡,02680,9
嘟,02681,13
敷,02682,15
范,02683,9
樊,02684,15
盥,02685,16
葛,02686,12
碾,02687,15
墩,02688,15
幡,02689,15
戮,02690,15
蝌,02691,15
葭,02692,12
踝,02693,15
磕,02694,15
慧,02695,15
瘠,02696,15
橄,02697,15
蝠,02698,15
稷,02699,15
篁,02700,15
葫,02701,12
腱,02702,12
稿,02703,15
落,02704,12
磊,02705,15
慷,02706,14
羯,02707,15
糊,02708,15
稽,02709,15
稼,02710,15
蝴,02711,15
嘿,02712,15
腹,02713,13
麾,02714,15
箭,02715,15
寮,02716,15
篌,02717,15
箴,02718,15
模,02719,14
畿,02720,15
瑰,02721,13
挪,02722,9
摩,02723,15
款,02724,12
瞌,02725,15
熟,02726,15
嘹,02727,15
瑾,02728,15
漏,02729,14
慕,02730,14
僵,02731,15
噗,02732,15
漠,02733,13
褐,02734,14
憩,02735,16
蝗,02736,15
面,02737,9
磐,02738,15
瞑,02739,15
葩,02740,12
摺,02741,14
噙,02742,15
翩,02743,15
黎,02744,15
墨,02745,15
靠,02746,15
葵,02747,12
暮,02748,14
踞,02749,15
髯,02750,15
履,02751,15
霉,02752,15
漫,02753,14
噎,02754,15
慢,02755,14
腿,02756,13
僻,02757,15
魅,02758,14
霄,02759,15
貌,02760,14
摸,02761,13
劈,02762,15
漆,02763,14
勰,02764,15
耦,02765,15
摔,02766,14
慰,02767,15
傻,02768,13
腰,02769,13
嬉,02770,15
褪,02771,14
艘,02772,15
震,02773,15
腥,02774,13
槭,02775,15
瑭,02776,14
腮,02777,13
征,02778,8
陷,02779,10
漱,02780,14
嘶,02781,15
踏,02782,15
篇,02783,15
躺,02784,15
霆,02785,14
漪,02786,14
箸,02787,14
豌,02788,15
逶,02789,11
腺,02790,13
嘻,02791,15
箱,02792,15
熨,02793,15
逸,02794,11
慵,02795,14
噪,02796,16
院,02797,9
漩,02798,14
毅,02799,15
牖,02800,15
醉,02801,15
樟,02802,15
漳,02803,14
瞎,02804,15
萱,02805,12
獐,02806,14
陬,02807,10
影,02808,15
演,02809,14
葬,02810,12
摘,02811,14
噫,02812,16
懊,02813,15
澳,02814,15
聱,02815,16
辨,02816,16
磅,02817,15
螃,02818,16
蓓,02819,13
壁,02820,16
篦,02821,16
瞥,02822,16
遍,02823,12
撇,02824,14
播,02825,15
膊,02826,14
潘,02827,15
蒲,02828,13
餐,02829,16
糙,02830,16
潺,02831,15
氅,02832,16
潮,02833,15
撤,02834,15
澈,02835,15
橙,02836,16
澄,02837,15
醒,02838,16
褫,02839,15
憧,02840,15
潼,02841,15
撮,02842,15
踹,02843,16
陲,02844,10
踱,02845,16
璀,02846,15
蹉,02847,16
潭,02848,15
道,02849,12
陶,02850,10
蹄,02851,16
靛,02852,16
雕,02853,16
都,02854,10
逾,02855,12
遁,02856,12
霏,02857,16
蒿,02858,13
鄂,02859,11
檠,02860,16
噶,02861,15
萼,02862,12
霍,02863,16
獗,02864,15
翰,02865,16
翮,02866,16
骸,02867,15
冀,02868,16
陵,02869,10
寰,02870,16
磬,02871,16
篙,02872,16
憬,02873,15
噩,02874,16
橇,02875,16
慌,02876,12
膈,02877,14
噤,02878,16
髻,02879,16
骼,02880,15
撩,02881,15
衡,02882,16
瞰,02883,16
燎,02884,16
糕,02885,16
罹,02886,16
橘,02887,16
噱,02888,16
遑,02889,12
扑,02890,5
膨,02891,16
潦,02892,15
螂,02893,14
遇,02894,12
隍,02895,11
黔,02896,16
朴,02897,6
陪,02898,10
擂,02899,16
霓,02900,16
澎,02901,15
璃,02902,14
睿,02903,14
螟,02904,16
燃,02905,16
憔,02906,15
霖,02907,16
撕,02908,15
垮,02909,9
瞟,02910,16
褥,02911,15
鞘,02912,16
歙,02913,16
撬,02914,15
穆,02915,16
瘸,02916,16
蒙,02917,13
噬,02918,16
撒,02919,15
樵,02920,16
熹,02921,16
凝,02922,16
默,02923,16
膳,02924,16
霎,02925,16
磨,02926,16
蓉,02927,13
橡,02928,15
器,02929,16
撰,02930,15
擒,02931,15
儒,02932,16
遛,02933,13
融,02934,16
潸,02935,15
羲,02936,16
蹂,02937,16
壅,02938,16
蒜,02939,13
蓊,02940,13
蓄,02941,13
豫,02942,15
遂,02943,12
筑,02944,12
璋,02945,15
焰,02946,12
蓑,02947,13
赭,02948,15
嬴,02949,16
嘴,02950,16
撙,02951,15
燠,02952,16
撞,02953,15
整,02954,16
臻,02955,16
憎,02956,15
蒸,02957,13
遐,02958,12
燕,02959,16
髭,02960,16
踵,02961,16
樽,02962,16
篆,02963,15
瘴,02964,16
癌,02965,17
隘,02966,12
遨,02967,13
豳,02968,17
臂,02969,17
蔽,02970,14
檗,02971,17
擘,02972,17
擦,02973,17
蔡,02974,14
操,02975,16
澡,02976,16
澶,02977,16
瞠,02978,16
黜,02979,17
簇,02980,17
黛,02981,17
澹,02982,16
憾,02983,16
檐,02984,17
蹈,02985,17
瞪,02986,17
磴,02987,17
褶,02988,16
懂,02989,15
蟠,02990,18
繁,02991,17
磺,02992,16
隋,02993,11
媾,02994,13
豁,02995,17
璜,02996,15
儡,02997,17
激,02998,16
礁,02999,17
鞠,03000,17
爵,03001,17
壑,03002,17
嚎,03003,17
壕,03004,17
撼,03005,16
澧,03006,16
徽,03007,17
蔑,03008,14
糜,03009,17
嚅,03010,17
罄,03011,17
磷,03012,17
璞,03013,16
摹,03014,14
隆,03015,11
篾,03016,17
濂,03017,16
糠,03018,17
髁,03019,17
懋,03020,17
鼾,03021,17
襄,03022,17
麋,03023,17
甍,03024,14
蔓,03025,14
膜,03026,14
蟋,03027,17
黏,03028,17
懈,03029,16
擎,03030,16
燥,03031,17
檀,03032,17
螺,03033,17
遢,03034,13
燮,03035,17
遣,03036,13
孺,03037,17
蟒,03038,16
擅,03039,16
瞧,03040,17
霞,03041,17
曙,03042,17
霜,03043,17
禧,03044,16
瞳,03045,17
瞬,03046,17
膛,03047,15
蓿,03048,14
蹊,03049,17
螳,03050,17
臀,03051,17
蔚,03052,14
檄,03053,17
蟀,03054,17
嚏,03055,17
蓬,03056,13
簌,03057,17
黝,03058,17
蹋,03059,17
蟑,03060,17
翼,03061,17
翳,03062,17
醣,03063,17
隅,03064,11
燧,03065,16
蔗,03066,14
膺,03067,17
糟,03068,17
翱,03069,16
蹦,03070,18
鄙,03071,13
璧,03072,18
馥,03073,18
鞭,03074,18
蕃,03075,15
璨,03076,17
痴,03077,13
抬,03078,8
虫,03079,6
槌,03080,13
戳,03081,18
蹙,03082,18
戴,03083,17
翻,03084,18
瞿,03085,18
簧,03086,17
蕙,03087,15
隔,03088,12
遘,03089,13
覆,03090,18
濡,03091,17
丰,03092,4
犄,03093,12
蕞,03094,15
濠,03095,17
瞽,03096,18
朦,03097,17
蕊,03098,15
癖,03099,18
蕉,03100,15
懦,03101,17
濮,03102,17
蕨,03103,15
鞣,03104,18
濯,03105,17
松,03106,8
璩,03107,17
蕈,03108,15
曜,03109,18
耨,03110,16
蔬,03111,15
魍,03112,17
餮,03113,18
穗,03114,17
魏,03115,17
瞻,03116,18
簪,03117,18
黠,03118,18
隙,03119,12
鬃,03120,18
障,03121,13
擢,03122,17
彝,03123,18
遮,03124,14
遭,03125,14
鼬,03126,18
鏖,03127,19
薜,03128,16
瓣,03129,19
薄,03130,16
爆,03131,19
瀑,03132,18
簿,03133,19
曝,03134,19
襞,03135,19
簸,03136,19
蟾,03137,19
嘲,03138,15
帘,03139,8
蹴,03140,19
蹲,03141,19
蹬,03142,19
胴,03143,10
蹶,03144,19
醮,03145,19
疆,03146,19
遴,03147,15
羹,03148,19
系,03149,7
薨,03150,16
鄱,03151,14
羸,03152,19
攀,03153,19
麒,03154,19
胯,03155,10
靡,03156,19
麓,03157,19
襟,03158,18
懵,03159,18
坏,03160,7
蕾,03161,16
蟆,03162,16
湎,03163,12
蹼,03164,19
薯,03165,16
麴,03166,19
蟹,03167,19
臃,03168,17
薇,03169,16
厂,03170,2
亏,03171,3
万,03172,3
亿,03173,3
个,03174,3
广,03175,3
门,03176,3
义,03177,3
卫,03178,3
飞,03179,3
习,03180,3
马,03181,3
乡,03182,3
开,03183,4
无,03184,4
专,03185,4
艺,03186,4
厅,03187,4
区,03188,4
历,03189,4
车,03190,4
冈,03191,4
贝,03192,4
内,03193,4
见,03194,4
气,03195,4
长,03196,4
币,03197,4
仅,03198,4
从,03199,4
仓,03200,4
风,03201,4
匀,03202,4
乌,03203,4
凤,03204,4
为,03205,4
忆,03206,4
订,03207,4
计,03208,4
户,03209,4
认,03210,4
队,03211,4
办,03212,4
劝,03213,4
双,03214,4
书,03215,4
击,03216,5
节,03217,5
术,03218,5
厉,03219,5
龙,03220,5
灭,03221,5
轧,03222,5
东,03223,5
旧,03224,5
帅,03225,5
归,03226,5
叶,03227,5
电,03228,5
号,03229,5
叹,03230,5
们,03231,5
仪,03232,5
丛,03233,5
乐,03234,5
册,03235,5
处,03236,5
鸟,03237,5
务,03238,5
饥,03239,5
闪,03240,5
兰,03241,5
汇,03242,5
头,03243,5
汉,03244,5
宁,03245,5
讨,03246,5
写,03247,5
让,03248,5
礼,03249,5
训,03250,5
议,03251,5
讯,03252,5
记,03253,5
辽,03254,5
边,03255,5
发,03256,5
圣,03257,5
对,03258,5
纠,03259,5
丝,03260,5
动,03261,6
执,03262,6
巩,03263,6
扩,03264,6
扫,03265,6
扬,03266,6
场,03267,6
亚,03268,6
机,03269,6
权,03270,6
过,03271,6
协,03272,6
压,03273,6
厌,03274,6
页,03275,6
达,03276,6
夹,03277,6
轨,03278,6
迈,03279,6
毕,03280,6
贞,03281,6
师,03282,6
尘,03283,6
当,03284,6
吓,03285,6
团,03286,6
吗,03287,6
屿,03288,6
岁,03289,6
岂,03290,6
刚,03291,6
则,03292,6
网,03293,6
丢,03294,6
迁,03295,6
乔,03296,6
伟,03297,6
传,03298,6
优,03299,6
伤,03300,6
价,03301,6
华,03302,6
伪,03303,6
会,03304,6
杀,03305,6
众,03306,6
爷,03307,6
伞,03308,6
创,03309,6
杂,03310,6
负,03311,6
争,03312,6
壮,03313,6
冲,03314,6
庄,03315,6
庆,03316,6
刘,03317,6
齐,03318,6
产,03319,6
决,03320,6
闭,03321,6
问,03322,6
闯,03323,6
关,03324,6
灯,03325,6
汤,03326,6
兴,03327,6
军,03328,6
许,03329,6
论,03330,6
农,03331,6
讽,03332,6
设,03333,6
访,03334,6
寻,03335,6
尽,03336,6
导,03337,6
异,03338,6
孙,03339,6
阵,03340,6
阳,03341,6
阶,03342,6
阴,03343,6
妇,03344,6
妈,03345,6
戏,03346,6
观,03347,6
欢,03348,6
买,03349,6
红,03350,6
纤,03351,6
级,03352,6
约,03353,6
纪,03354,6
驰,03355,6
寿,03356,7
麦,03357,7
进,03358,7
远,03359,7
违,03360,7
运,03361,7
抚,03362,7
坛,03363,7
扰,03364,7
坝,03365,7
贡,03366,7
抢,03367,7
抛,03368,7
坟,03369,7
护,03370,7
壳,03371,7
块,03372,7
声,03373,7
报,03374,7
却,03375,7
苍,03376,7
严,03377,7
芦,03378,7
劳,03379,7
极,03380,7
杨,03381,7
两,03382,7
丽,03383,7
医,03384,7
励,03385,7
还,03386,7
歼,03387,7
来,03388,7
连,03389,7
坚,03390,7
时,03391,7
吴,03392,7
县,03393,7
园,03394,7
旷,03395,7
围,03396,7
吨,03397,7
邮,03398,7
员,03399,7
听,03400,7
呜,03401,7
别,03402,7
岗,03403,7
帐,03404,7
财,03405,7
针,03406,7
钉,03407,7
乱,03408,7
秃,03409,7
体,03410,7
彻,03411,7
邻,03412,7
肠,03413,7
龟,03414,7
犹,03415,7
删,03416,7
条,03417,7
岛,03418,7
饭,03419,7
饮,03420,7
冻,03421,7
状,03422,7
亩,03423,7
况,03424,7
库,03425,7
疗,03426,7
应,03427,7
这,03428,7
弃,03429,7
闲,03430,7
间,03431,7
灶,03432,7
灿,03433,7
沟,03434,7
没,03435,7
怀,03436,7
忧,03437,7
穷,03438,7
灾,03439,7
证,03440,7
启,03441,7
评,03442,7
补,03443,7
识,03444,7
诉,03445,7
诊,03446,7
词,03447,7
译,03448,7
灵,03449,7
层,03450,7
迟,03451,7
张,03452,7
际,03453,7
陆,03454,7
陈,03455,7
劲,03456,7
鸡,03457,7
驱,03458,7
纯,03459,7
纱,03460,7
纳,03461,7
纲,03462,7
驳,03463,7
纵,03464,7
纷,03465,7
纸,03466,7
纹,03467,7
纺,03468,7
驴,03469,7
纽,03470,7
环,03471,8
责,03472,8
现,03473,8
规,03474,8
拢,03475,8
拣,03476,8
担,03477,8
顶,03478,8
拥,03479,8
势,03480,8
拦,03481,8
拨,03482,8
择,03483,8
茎,03484,8
柜,03485,8
枪,03486,8
构,03487,8
丧,03488,8
画,03489,8
卧,03490,8
枣,03491,8
卖,03492,8
矿,03493,8
码,03494,8
厕,03495,8
奋,03496,8
态,03497,8
欧,03498,8
垄,03499,8
轰,03500,8
顷,03501,8
转,03502,8
斩,03503,8
轮,03504,8
软,03505,8
齿,03506,8
虏,03507,8
肾,03508,8
贤,03509,8
国,03510,8
畅,03511,8
鸣,03512,8
咏,03513,8
岩,03514,8
罗,03515,8
帜,03516,8
岭,03517,8
凯,03518,8
败,03519,8
贩,03520,8
购,03521,8
图,03522,8
钓,03523,8
秆,03524,8
侄,03525,8
侦,03526,8
侧,03527,8
凭,03528,8
侨,03529,8
货,03530,8
质,03531,8
径,03532,8
贪,03533,8
贫,03534,8
肤,03535,8
胀,03536,8
胁,03537,8
鱼,03538,8
备,03539,8
饰,03540,8
饱,03541,8
饲,03542,8
变,03543,8
庙,03544,8
剂,03545,8
废,03546,8
净,03547,8
闸,03548,8
闹,03549,8
郑,03550,8
单,03551,8
炉,03552,8
浅,03553,8
泪,03554,8
泻,03555,8
泼,03556,8
泽,03557,8
怜,03558,8
学,03559,8
宝,03560,8
审,03561,8
实,03562,8
试,03563,8
诗,03564,8
诚,03565,8
衬,03566,8
视,03567,8
话,03568,8
诞,03569,8
询,03570,8
该,03571,8
详,03572,8
肃,03573,8
录,03574,8
隶,03575,8
届,03576,8
陕,03577,8
驾,03578,8
参,03579,8
艰,03580,8
线,03581,8
练,03582,8
组,03583,8
细,03584,8
驶,03585,8
织,03586,8
终,03587,8
驼,03588,8
绍,03589,8
经,03590,8
贯,03591,8
帮,03592,9
项,03593,9
挎,03594,9
挠,03595,9
赵,03596,9
挡,03597,9
垫,03598,9
挣,03599,9
挤,03600,9
挥,03601,9
带,03602,9
茧,03603,9
荡,03604,9
荣,03605,9
药,03606,9
标,03607,9
栋,03608,9
栏,03609,9
树,03610,9
砖,03611,9
厘,03612,9
牵,03613,9
残,03614,9
轻,03615,9
鸦,03616,9
战,03617,9
点,03618,9
临,03619,9
览,03620,9
竖,03621,9
尝,03622,9
显,03623,9
哑,03624,9
贵,03625,9
虾,03626,9
蚁,03627,9
蚂,03628,9
虽,03629,9
骂,03630,9
哗,03631,9
响,03632,9
峡,03633,9
罚,03634,9
贱,03635,9
贴,03636,9
钞,03637,9
钟,03638,9
钢,03639,9
钩,03640,9
选,03641,9
适,03642,9
种,03643,9
复,03644,9
俩,03645,9
贷,03646,9
顺,03647,9
俭,03648,9
须,03649,9
叙,03650,9
剑,03651,9
胆,03652,9
胜,03653,9
脉,03654,9
狭,03655,9
狮,03656,9
独,03657,9
狱,03658,9
贸,03659,9
饶,03660,9
蚀,03661,9
饺,03662,9
饼,03663,9
弯,03664,9
将,03665,9
奖,03666,9
迹,03667,9
疮,03668,9
疯,03669,9
亲,03670,9
闻,03671,9
阀,03672,9
阁,03673,9
养,03674,9
类,03675,9
总,03676,9
炼,03677,9
烂,03678,9
洁,03679,9
洒,03680,9
浇,03681,9
浊,03682,9
测,03683,9
济,03684,9
浑,03685,9
浓,03686,9
恒,03687,9
恼,03688,9
举,03689,9
觉,03690,9
宫,03691,9
窃,03692,9
语,03693,9
袄,03694,9
误,03695,9
诱,03696,9
说,03697,9
诵,03698,9
垦,03699,9
昼,03700,9
费,03701,9
险,03702,9
娇,03703,9
贺,03704,9
垒,03705,9
绑,03706,9
绒,03707,9
结,03708,9
绕,03709,9
骄,03710,9
绘,03711,9
给,03712,9
络,03713,9
骆,03714,9
绝,03715,9
绞,03716,9
统,03717,9
艳,03718,10
蚕,03719,10
顽,03720,10
盏,03721,10
捞,03722,10
载,03723,10
赶,03724,10
盐,03725,10
损,03726,10
捡,03727,10
换,03728,10
热,03729,10
壶,03730,10
耻,03731,10
莲,03732,10
获,03733,10
晋,03734,10
恶,03735,10
档,03736,10
桥,03737,10
样,03738,10
础,03739,10
顾,03740,10
轿,03741,10
较,03742,10
顿,03743,10
虑,03744,10
监,03745,10
紧,03746,10
党,03747,10
晓,03748,10
鸭,03749,10
晕,03750,10
唤,03751,10
罢,03752,10
圆,03753,10
贼,03754,10
贿,03755,10
钱,03756,10
钳,03757,10
钻,03758,10
铁,03759,10
铃,03760,10
铅,03761,10
牺,03762,10
敌,03763,10
积,03764,10
称,03765,10
笔,03766,10
笋,03767,10
债,03768,10
倾,03769,10
舰,03770,10
舱,03771,10
爱,03772,10
颂,03773,10
脏,03774,10
胶,03775,10
脑,03776,10
皱,03777,10
饿,03778,10
恋,03779,10
桨,03780,10
浆,03781,10
离,03782,10
资,03783,10
凉,03784,10
竞,03785,10
阅,03786,10
烦,03787,10
烧,03788,10
烛,03789,10
烟,03790,10
递,03791,10
涛,03792,10
涝,03793,10
涂,03794,10
润,03795,10
烫,03796,10
悦,03797,10
宽,03798,10
宾,03799,10
请,03800,10
诸,03801,10
读,03802,10
袜,03803,10
课,03804,10
谁,03805,10
调,03806,10
谅,03807,10
谈,03808,10
谊,03809,10
剥,03810,10
恳,03811,10
剧,03812,10
娱,03813,10
难,03814,10
预,03815,10
绢,03816,10
绣,03817,10
验,03818,10
继,03819,10
据,03820,11
职,03821,11
黄,03822,11
萝,03823,11
营,03824,11
梦,03825,11
检,03826,11
聋,03827,11
袭,03828,11
辅,03829,11
辆,03830,11
虚,03831,11
睁,03832,11
眯,03833,11
悬,03834,11
跃,03835,11
累,03836,11
崭,03837,11
铜,03838,11
铲,03839,11
银,03840,11
笼,03841,11
偿,03842,11
衔,03843,11
盘,03844,11
鸽,03845,11
领,03846,11
脚,03847,11
脱,03848,11
够,03849,11
猪,03850,11
猎,03851,11
猫,03852,11
馅,03853,11
馆,03854,11
凑,03855,11
减,03856,11
痒,03857,11
盗,03858,11
着,03859,11
盖,03860,11
粘,03861,11
断,03862,11
兽,03863,11
渐,03864,11
渔,03865,11
渗,03866,11
惭,03867,11
惧,03868,11
惊,03869,11
惨,03870,11
惯,03871,11
窑,03872,11
谋,03873,11
谎,03874,11
祸,03875,11
谜,03876,11
弹,03877,11
随,03878,11
隐,03879,11
婶,03880,11
颈,03881,11
绩,03882,11
绪,03883,11
续,03884,11
骑,03885,11
绳,03886,11
维,03887,11
绵,03888,11
绸,03889,11
绿,03890,11
趋,03891,12
搁,03892,12
搂,03893,12
搅,03894,12
联,03895,12
葱,03896,12
厨,03897,12
厦,03898,12
确,03899,12
辈,03900,12
辉,03901,12
赏,03902,12
喷,03903,12
践,03904,12
遗,03905,12
赌,03906,12
赔,03907,12
铸,03908,12
铺,03909,12
链,03910,12
销,03911,12
锁,03912,12
锄,03913,12
锅,03914,12
锈,03915,12
锋,03916,12
锐,03917,12
鹅,03918,12
税,03919,12
筛,03920,12
筝,03921,12
储,03922,12
奥,03923,12
惩,03924,12
释,03925,12
腊,03926,12
鲁,03927,12
馋,03928,12
装,03929,12
蛮,03930,12
阔,03931,12
羡,03932,12
粪,03933,12
湿,03934,12
温,03935,12
湾,03936,12
愤,03937,12
窜,03938,12
窝,03939,12
裤,03940,12
谢,03941,12
谣,03942,12
谦,03943,12
属,03944,12
屡,03945,12
强,03946,12
缎,03947,12
缓,03948,12
编,03949,12
骗,03950,12
缘,03951,12
摆,03952,13
携,03953,13
摇,03954,13
摊,03955,13
鹊,03956,13
蓝,03957,13
献,03958,13
楼,03959,13
赖,03960,13
碍,03961,13
碌,03962,13
雾,03963,13
输,03964,13
龄,03965,13
鉴,03966,13
跨,03967,13
错,03968,13
锡,03969,13
锣,03970,13
锤,03971,13
锦,03972,13
键,03973,13
锯,03974,13
辞,03975,13
筹,03976,13
签,03977,13
简,03978,13
毁,03979,13
遥,03980,13
腾,03981,13
触,03982,13
酱,03983,13
韵,03984,13
粮,03985,13
数,03986,13
满,03987,13
滤,03988,13
滥,03989,13
滚,03990,13
滨,03991,13
滩,03992,13
誉,03993,13
谨,03994,13
叠,03995,13
缝,03996,13
缠,03997,13
静,03998,14
墙,03999,14
酿,04000,14
颗,04001,14
蜡,04002,14
蝇,04003,14
锹,04004,14
锻,04005,14
稳,04006,14
箩,04007,14
膀,04008,14
鲜,04009,14
馒,04010,14
赛,04011,14
谱,04012,14
骡,04013,14
缩,04014,14
撑,04015,15
聪,04016,15
横,04017,15
樱,04018,15
飘,04019,15
瞒,04020,15
题,04021,15
踪,04022,15
嘱,04023,15
镇,04024,15
颜,04025,15
遵,04026,15
潜,04027,15
额,04028,15
薪,04029,16
颠,04030,16
赠,04031,16
镜,04032,16
赞,04033,16
篮,04034,16
邀,04035,16
辩,04036,16
懒,04037,16
避,04038,16
缴,04039,16
藏,04040,17
辫,04041,17
赢,04042,17
骤,04043,17
镰,04044,18
鹰,04045,18
警,04046,19
颤,04047,19
壤,04048,20
耀,04049,20
躁,04050,20
嚼,04051,20
嚷,04052,20
籍,04053,20
魔,04054,20
灌,04055,20
露,04056,21
囊,04057,22
罐,04058,23
仑,04059,4
讥,04060,4
邓,04061,4
夯,04062,5
卢,04063,5
叽,04064,5
尔,04065,5
冯,04066,5
吕,04067,6
伦,04068,6
凫,04069,6
妆,04070,6
讳,04071,6
讶,04072,6
讹,04073,6
讼,04074,6
诀,04075,6
驮,04076,6
驯,04077,6
纫,04078,6
玛,04079,7
韧,04080,7
抠,04081,7
抡,04082,7
坞,04083,7
拟,04084,7
芜,04085,7
苇,04086,7
杈,04087,7
轩,04088,7
卤,04089,7
肖,04090,7
呕,04091,7
呐,04092,7
呛,04093,7
岖,04094,7
囱,04095,7
狈,04096,7
鸠,04097,7
庐,04098,7
闰,04099,7
兑,04100,7
沥,04101,7
沦,04102,7
汹,04103,7
沧,04104,7
沪,04105,7
诅,04106,7
诈,04107,7
纬,04108,7
坯,04109,8
拧,04110,8
苫,04111,8
枢,04112,8
枫,04113,8
矾,04114,8
殴,04115,8
昙,04116,8
咙,04117,8
账,04118,8
贬,04119,8
贮,04120,8
侠,04121,8
侥,04122,8
侣,04123,8
刽,04124,8
刹,04125,8
觅,04126,8
瓮,04127,8
肮,04128,8
狞,04129,8
庞,04130,8
疟,04131,8
泞,04132,8
宠,04133,8
衩,04134,8
诡,04135,8
屉,04136,8
弥,04137,8
叁,04138,8
绅,04139,8
驹,04140,8
绊,04141,8
绎,04142,8
贰,04143,9
挟,04144,9
垛,04145,9
荆,04146,9
茬,04147,9
荚,04148,9
荞,04149,9
荠,04150,9
荤,04151,9
荧,04152,9
栈,04153,9
栅,04154,9
柠,04155,9
枷,04156,9
砚,04157,9
鸥,04158,9
轴,04159,9
勋,04160,9
哆,04161,9
哟,04162,9
钙,04163,9
钝,04164,9
钠,04165,9
钦,04166,9
钧,04167,9
钮,04168,9
毡,04169,9
氢,04170,9
秕,04171,9
胧,04172,9
狰,04173,9
饵,04174,9
峦,04175,9
飒,04176,9
闺,04177,9
闽,04178,9
娄,04179,9
烁,04180,9
洼,04181,9
诫,04182,9
诬,04183,9
诲,04184,9
逊,04185,9
陨,04186,9
骇,04187,9
挚,04188,10
捣,04189,10
捅,04190,10
聂,04191,10
莱,04192,10
莹,04193,10
莺,04194,10
栖,04195,10
桦,04196,10
桩,04197,10
贾,04198,10
砾,04199,10
唠,04200,10
蚌,04201,10
鸯,04202,10
赂,04203,10
赃,04204,10
钾,04205,10
铆,04206,10
秫,04207,10
赁,04208,10
耸,04209,10
颁,04210,10
脐,04211,10
鸵,04212,10
鸳,04213,10
馁,04214,10
凄,04215,10
斋,04216,10
涡,04217,10
涣,04218,10
涤,04219,10
涧,04220,10
涩,04221,10
悯,04222,10
窍,04223,10
诺,04224,10
诽,04225,10
谆,04226,10
骏,04227,10
琐,04228,11
麸,04229,11
掐,04230,11
掂,04231,11
掷,04232,11
掸,04233,11
掺,04234,11
萤,04235,11
萧,04236,11
萨,04237,11
菇,04238,11
酝,04239,11
厢,04240,11
硅,04241,11
硕,04242,11
颅,04243,11
啥,04244,11
啸,04245,11
逻,04246,11
婴,04247,11
赊,04248,11
铐,04249,11
铛,04250,11
铝,04251,11
铡,04252,11
铣,04253,11
铭,04254,11
矫,04255,11
秸,04256,11
秽,04257,11
笤,04258,11
躯,04259,11
衅,04260,11
敛,04261,11
阎,04262,11
阐,04263,11
鸿,04264,11
渊,04265,11
淀,04266,11
谍,04267,11
谐,04268,11
裆,04269,11
祷,04270,11
谒,04271,11
谓,04272,11
谚,04273,11
堕,04274,11
颇,04275,11
绰,04276,11
绷,04277,11
综,04278,11
绽,04279,11
缀,04280,11
琼,04281,12
揽,04282,12
搀,04283,12
蒋,04284,12
韩,04285,12
棱,04286,12
椭,04287,12
颊,04288,12
雳,04289,12
翘,04290,12
凿,04291,12
畴,04292,12
蜒,04293,12
鹃,04294,12
赋,04295,12
赎,04296,12
赐,04297,12
锉,04298,12
锌,04299,12
掰,04300,12
牍,04301,12
粤,04302,12
猬,04303,12
惫,04304,12
痪,04305,12
滞,04306,12
溃,04307,12
溅,04308,12
谤,04309,12
缅,04310,12
缆,04311,12
缔,04312,12
缕,04313,12
骚,04314,12
鹉,04315,13
椿,04316,13
榄,04317,13
辐,04318,13
辑,04319,13
频,04320,13
跷,04321,13
蜗,04322,13
蜕,04323,13
锚,04324,13
锥,04325,13
锨,04326,13
锭,04327,13
锰,04328,13
颓,04329,13
腻,04330,13
鹏,04331,13
颖,04332,13
雏,04333,13
馍,04334,13
馏,04335,13
禀,04336,13
痹,04337,13
誊,04338,13
窥,04339,13
寝,04340,13
谬,04341,13
缚,04342,13
缤,04343,13
赘,04344,14
蔫,04345,14
蔼,04346,14
碴,04347,14
碱,04348,14
辕,04349,14
辖,04350,14
嘁,04351,14
踊,04352,14
蝉,04353,14
镀,04354,14
熏,04355,14
箍,04356,14
箫,04357,14
舆,04358,14
谭,04359,14
隧,04360,14
缨,04361,14
撵,04362,15
蕴,04363,15
憋,04364,15
蝎,04365,15
镊,04366,15
镐,04367,15
膘,04368,15
鲤,04369,15
鲫,04370,15
瘪,04371,15
瘫,04372,15
凛,04373,15
澜,04374,15
谴,04375,15
鹤,04376,15
憨,04377,15
缭,04378,15
薛,04379,16
橱,04380,16
蟥,04381,17
辙,04382,16
鹦,04383,16
篡,04384,16
篷,04385,16
篱,04386,16
鲸,04387,16
瘾,04388,16
濒,04389,16
窿,04390,16
缰,04391,16
藐,04392,17
檬,04393,17
檩,04394,17
赡,04395,17
镣,04396,17
臊,04397,17
鳄,04398,17
藕,04399,18
藤,04400,18
嚣,04401,18
鳍,04402,18
癞,04403,18
攒,04404,19
孽,04405,19
蘑,04406,19
藻,04407,19
鳖,04408,19
蹭,04409,19
癣,04410,19
鬓,04411,20
攘,04412,20
蠕,04413,20
巍,04414,20
鳞,04415,20
糯,04416,20
譬,04417,20
霹,04418,21
躏,04419,21
蘸,04420,22
镶,04421,22
瓤,04422,22
矗,04423,24
缪,04424,14
乜,04425,2
亍,04426,3
亓,04427,4
亘,04428,6
亵,04429,12
仂,04430,4
仉,04431,4
仡,04432,5
仨,04433,5
仫,04434,5
仵,04435,6
伎,04436,6
伛,04437,6
伢,04438,6
伧,04439,6
伫,04440,6
佘,04441,7
佟,04442,7
佤,04443,6
佥,04444,7
佴,04445,8
佶,04446,8
佼,04447,8
侉,04448,8
侔,04449,8
侗,04450,8
侩,04451,8
侪,04452,8
侬,04453,8
俅,04454,9
俜,04455,9
俣,04456,9
俦,04457,9
俨,04458,9
俪,04459,9
倜,04460,10
倬,04461,10
偈,04462,11
偬,04463,11
偻,04464,11
偾,04465,11
傈,04466,12
傣,04467,12
傥,04468,12
傧,04469,12
傩,04470,12
僦,04471,14
僳,04472,14
儆,04473,14
儇,04474,15
儋,04475,15
兖,04476,8
兹,04477,9
冁,04478,18
冱,04479,6
冼,04480,8
凇,04481,10
凼,04482,6
刍,04483,5
刭,04484,7
刳,04485,8
刿,04486,8
剀,04487,8
剐,04488,9
剞,04489,10
剡,04490,10
劁,04491,14
劐,04492,15
劢,04493,5
劭,04494,7
勐,04495,10
勖,04496,11
匦,04497,8
匮,04498,11
卟,04499,5
卣,04500,7
卺,04501,8
厍,04502,6
厣,04503,11
厩,04504,11
厮,04505,14
吡,04506,7
吣,04507,7
吲,04508,7
呋,04509,7
呓,04510,7
呔,04511,7
呖,04512,7
呗,04513,7
呙,04514,7
呤,04515,8
呦,04516,8
呲,04517,9
咂,04518,8
咔,04519,8
咛,04520,8
咝,04521,8
咣,04522,9
咤,04523,9
咴,04524,9
哌,04525,9
哏,04526,9
哐,04527,9
哓,04528,9
哔,04529,9
哕,04530,9
哙,04531,9
哚,04532,9
哝,04533,9
哞,04534,9
哧,04535,10
哳,04536,10
哿,04537,10
唑,04538,10
唛,04539,10
唢,04540,10
唣,04541,10
唪,04542,11
唼,04543,11
唿,04544,11
啉,04545,11
啐,04546,11
啧,04547,11
啬,04548,11
啭,04549,11
啮,04550,11
啵,04551,11
啶,04552,11
啷,04553,11
喁,04554,12
喈,04555,12
喏,04556,11
喑,04557,12
喵,04558,11
喹,04559,12
喽,04560,12
喾,04561,12
嗄,04562,13
嗌,04563,13
嗍,04564,13
嗒,04565,12
嗔,04566,13
嗖,04567,12
嗝,04568,13
嗪,04569,13
嗫,04570,13
嗬,04571,13
嗲,04572,13
嗳,04573,13
嗵,04574,13
嘌,04575,14
嘘,04576,14
嘞,04577,14
嘣,04578,14
嘤,04579,14
嘧,04580,14
嘬,04581,15
嘭,04582,15
噌,04583,15
噍,04584,15
噔,04585,15
噜,04586,15
噻,04587,16
噼,04588,16
嚆,04589,16
嚓,04590,17
嚯,04591,19
囔,04592,25
囟,04593,6
囡,04594,6
囵,04595,7
囹,04596,8
圊,04597,11
圜,04598,16
圪,04599,6
圮,04600,6
圹,04601,6
坂,04602,7
坌,04603,7
坜,04604,7
坨,04605,8
坫,04606,8
坭,04607,8
坳,04608,8
坻,04609,8
垅,04610,8
垆,04611,8
垌,04612,9
垡,04613,9
垤,04614,9
垧,04615,9
垩,04616,9
垭,04617,9
垲,04618,9
垸,04619,10
埏,04620,9
埒,04621,10
埕,04622,10
埘,04623,10
埙,04624,10
埚,04625,10
埝,04626,11
埭,04627,11
埴,04628,11
埸,04629,11
埽,04630,11
堇,04631,11
堋,04632,11
堍,04633,11
堑,04634,11
堙,04635,12
堞,04636,12
塄,04637,12
塍,04638,13
塥,04639,13
塬,04640,13
墁,04641,14
墉,04642,14
墒,04643,14
墼,04644,16
夔,04645,21
夼,04646,6
奁,04647,7
奂,04648,7
妗,04649,7
妩,04650,7
妪,04651,7
妫,04652,7
妲,04653,8
姗,04654,8
姝,04655,9
姹,04656,9
娅,04657,9
娆,04658,9
娈,04659,9
娲,04660,10
娴,04661,10
婕,04662,11
婧,04663,11
婵,04664,11
婺,04665,12
媪,04666,12
媵,04667,13
媸,04668,13
嫒,04669,13
嫔,04670,13
嫜,04671,14
嫠,04672,14
嫫,04673,13
嫱,04674,14
嬖,04675,16
嬗,04676,16
嬷,04677,17
孀,04678,20
孢,04679,8
孪,04680,9
孬,04681,10
宄,04682,5
宓,04683,8
宕,04684,8
尕,04685,5
尜,04686,9
尥,04687,6
尧,04688,6
尴,04689,13
尻,04690,5
屙,04691,10
屣,04692,14
屦,04693,15
屺,04694,6
岈,04695,7
岍,04696,7
岘,04697,7
岙,04698,7
岚,04699,7
岢,04700,8
岣,04701,8
岬,04702,8
岵,04703,8
岿,04704,8
峁,04705,8
峄,04706,8
峋,04707,9
峤,04708,9
峥,04709,9
崂,04710,10
崃,04711,10
崞,04712,11
崦,04713,11
崮,04714,11
崽,04715,12
嵊,04716,13
嵋,04717,12
嵘,04718,12
嵛,04719,12
嵝,04720,12
嵫,04721,12
嵬,04722,12
嵴,04723,13
嶂,04724,14
嶙,04725,15
嶷,04726,17
巅,04727,19
巯,04728,12
帏,04729,7
帔,04730,8
帙,04731,8
帱,04732,10
帻,04733,11
帼,04734,11
幂,04735,12
幄,04736,12
幞,04737,15
幺,04738,3
庀,04739,5
庋,04740,7
庑,04741,7
庥,04742,9
庳,04743,11
庹,04744,11
廒,04745,13
廛,04746,15
廨,04747,16
廪,04748,16
弑,04749,12
彀,04750,13
彖,04751,9
彘,04752,12
彦,04753,9
彳,04754,3
徂,04755,8
徕,04756,10
徭,04757,13
徼,04758,16
忉,04759,5
忏,04760,6
忐,04761,7
忑,04762,7
忒,04763,7
忡,04764,7
忤,04765,7
忭,04766,7
忮,04767,7
忻,04768,7
忾,04769,7
怂,04770,8
怃,04771,7
怄,04772,7
怅,04773,7
怆,04774,7
怊,04775,8
怍,04776,8
怙,04777,8
怦,04778,8
怼,04779,9
怿,04780,8
恁,04781,10
恂,04782,9
恚,04783,10
恧,04784,10
恸,04785,9
恹,04786,9
恺,04787,9
恻,04788,9
恽,04789,9
悃,04790,10
悒,04791,10
悛,04792,10
悝,04793,10
悫,04794,11
悭,04795,10
悱,04796,11
惝,04797,11
惬,04798,11
惮,04799,11
愠,04800,12
愦,04801,12
愫,04802,13
慊,04803,13
慑,04804,13
憝,04805,16
憷,04806,16
懑,04807,17
懿,04808,22
戆,04809,25
戋,04810,5
戗,04811,8
戥,04812,13
戬,04813,14
戽,04814,8
扃,04815,9
扌,04816,3
扦,04817,6
扪,04818,6
抟,04819,7
抻,04820,8
拊,04821,8
拶,04822,9
挛,04823,10
挝,04824,9
挞,04825,9
挢,04826,9
挲,04827,11
挹,04828,10
捃,04829,10
捋,04830,10
捭,04831,11
掇,04832,11
掊,04833,11
掎,04834,11
掭,04835,11
掳,04836,11
掴,04837,11
掼,04838,11
掾,04839,12
揄,04840,12
揎,04841,12
揞,04842,12
揠,04843,12
揶,04844,11
揸,04845,12
揿,04846,12
搋,04847,13
搌,04848,13
搐,04849,13
搛,04850,13
搠,04851,13
搡,04852,13
搦,04853,13
摁,04854,13
摅,04855,13
摈,04856,13
摞,04857,14
撂,04858,14
撄,04859,14
撅,04860,15
撖,04861,14
撷,04862,15
撸,04863,15
撺,04864,15
擀,04865,16
擐,04866,16
擞,04867,16
擤,04868,17
攉,04869,19
攥,04870,23
攫,04871,23
攮,04872,25
敫,04873,13
斌,04874,12
斓,04875,16
旃,04876,10
旄,04877,10
旆,04878,10
旒,04879,13
旮,04880,6
旯,04881,6
旰,04882,7
昃,04883,8
昝,04884,9
昴,04885,9
昶,04886,9
晔,04887,10
晗,04888,11
晟,04889,10
晡,04890,11
暌,04891,13
暧,04892,14
暹,04893,15
暾,04894,16
曛,04895,18
曦,04896,20
曩,04897,21
朊,04898,8
朐,04899,9
杌,04900,7
枘,04901,8
枞,04902,8
枥,04903,8
枧,04904,8
枨,04905,8
枭,04906,8
枳,04907,9
枵,04908,9
柁,04909,9
柃,04910,9
柘,04911,9
柰,04912,9
柽,04913,9
栀,04914,9
栉,04915,9
栊,04916,9
栌,04917,9
栎,04918,9
栝,04919,10
栲,04920,10
栳,04921,10
栾,04922,10
桄,04923,10
桉,04924,10
桊,04925,10
桎,04926,10
桕,04927,10
桠,04928,10
桡,04929,10
桢,04930,10
桤,04931,10
桧,04932,10
桫,04933,11
桴,04934,11
桷,04935,11
梏,04936,11
棂,04937,11
棰,04938,12
棼,04939,12
椋,04940,12
椐,04941,12
椟,04942,12
椠,04943,12
椤,04944,12
椴,04945,13
椹,04946,13
椽,04947,13
楂,04948,13
楗,04949,12
楦,04950,13
楸,04951,13
榀,04952,13
榇,04953,13
榈,04954,13
榉,04955,13
榍,04956,14
榧,04957,14
榱,04958,14
槊,04959,14
槎,04960,13
槔,04961,14
槛,04962,14
槟,04963,14
槠,04964,14
槲,04965,15
槿,04966,15
樗,04967,15
樘,04968,15
樨,04969,16
樯,04970,15
樾,04971,16
橐,04972,16
橛,04973,16
橥,04974,15
橹,04975,16
橼,04976,16
檎,04977,16
檑,04978,17
檫,04979,18
欤,04980,7
欷,04981,11
歃,04982,13
歆,04983,13
殁,04984,8
殂,04985,9
殄,04986,9
殇,04987,9
殍,04988,11
殒,04989,11
殓,04990,11
殚,04991,12
殡,04992,14
殪,04993,16
殳,04994,4
毂,04995,13
毖,04996,9
毪,04997,10
毳,04998,12
毵,04999,12
毹,05000,13
氆,05001,16
氇,05002,16
氍,05003,22
氕,05004,5
氘,05005,6
氙,05006,7
氚,05007,7
氡,05008,9
氩,05009,10
氪,05010,11
氰,05011,12
氲,05012,13
氽,05013,6
汆,05014,6
汊,05015,6
汔,05016,6
汜,05017,6
汩,05018,7
沏,05019,7
沓,05020,8
沣,05021,7
沤,05022,7
沩,05023,7
沭,05024,8
泐,05025,7
泔,05026,8
泫,05027,8
泮,05028,8
泷,05029,8
泸,05030,8
泺,05031,8
泾,05032,8
洄,05033,9
洇,05034,9
洙,05035,9
洚,05036,9
洳,05037,9
浃,05038,9
浈,05039,9
浍,05040,9
浏,05041,9
浒,05042,9
浔,05043,9
浞,05044,10
浠,05045,10
浣,05046,10
浯,05047,10
浼,05048,10
涑,05049,10
涞,05050,10
涟,05051,10
涠,05052,10
涫,05053,11
淖,05054,11
淝,05055,11
淠,05056,11
淼,05057,12
渌,05058,11
渍,05059,11
渎,05060,11
渑,05061,11
渖,05062,11
渫,05063,12
湫,05064,12
溆,05065,12
溏,05066,13
溟,05067,13
溱,05068,13
溲,05069,12
溷,05070,13
溻,05071,13
溽,05072,13
滁,05073,12
滏,05074,13
滗,05075,13
滟,05076,13
滠,05077,13
滢,05078,13
滦,05079,13
滹,05080,14
漉,05081,14
漤,05082,14
漭,05083,13
漯,05084,14
漶,05085,14
潆,05086,14
潇,05087,14
潋,05088,14
潍,05089,14
潞,05090,16
潢,05091,14
潲,05092,15
潴,05093,14
澉,05094,14
澌,05095,15
濉,05096,16
濑,05097,16
濞,05098,17
瀚,05099,19
瀛,05100,19
瀣,05101,19
瀵,05102,20
瀹,05103,20
灏,05104,21
灞,05105,24
炀,05106,7
炅,05107,8
炔,05108,8
炖,05109,8
炜,05110,8
炝,05111,8
炱,05112,9
炷,05113,9
炻,05114,9
炽,05115,9
烀,05116,9
烃,05117,9
烨,05118,10
烩,05119,10
烬,05120,10
烷,05121,11
焐,05122,11
焓,05123,11
焖,05124,11
焘,05125,11
焯,05126,12
焱,05127,12
煅,05128,13
煊,05129,13
煲,05130,13
煳,05131,13
煸,05132,13
煺,05133,13
熘,05134,14
熠,05135,15
熵,05136,15
燔,05137,16
燹,05138,18
爝,05139,21
爨,05140,30
爿,05141,4
牦,05142,8
牮,05143,9
牾,05144,11
犊,05145,12
犋,05146,12
犍,05147,12
犟,05148,16
犰,05149,5
犴,05150,6
犷,05151,6
犸,05152,6
狁,05153,7
狃,05154,7
狍,05155,8
狒,05156,8
狨,05157,9
狯,05158,9
狲,05159,9
狳,05160,10
狴,05161,10
狺,05162,10
狻,05163,10
猁,05164,10
猃,05165,10
猊,05166,11
猕,05167,11
猗,05168,11
猝,05169,11
猞,05170,11
猡,05171,11
猢,05172,12
猱,05173,12
猸,05174,12
猹,05175,12
獍,05176,14
獒,05177,14
獠,05178,15
獬,05179,16
獭,05180,16
獯,05181,17
獾,05182,20
玎,05183,6
玑,05184,6
玢,05185,8
玮,05186,8
玺,05187,10
珂,05188,9
珈,05189,9
珉,05190,9
珏,05191,9
珐,05192,9
珑,05193,9
珙,05194,10
珥,05195,10
珧,05196,10
珩,05197,10
珲,05198,10
琏,05199,11
琬,05200,12
琮,05201,12
琰,05202,12
瑗,05203,13
瑶,05204,14
璁,05205,15
璇,05206,15
璎,05207,15
璐,05208,17
瓒,05209,20
瓞,05210,10
瓯,05211,8
瓴,05212,9
瓿,05213,12
甏,05214,16
甑,05215,16
甓,05216,17
甙,05217,8
町,05218,7
甾,05219,8
畀,05220,8
畈,05221,9
畛,05222,10
畲,05223,12
畹,05224,13
疃,05225,17
疔,05226,7
疖,05227,7
疠,05228,8
疡,05229,8
疬,05230,9
疰,05231,10
疱,05232,10
疴,05233,10
痃,05234,10
痄,05235,10
痈,05236,10
痉,05237,10
痤,05238,12
痦,05239,12
痧,05240,12
痨,05241,12
痫,05242,12
痼,05243,13
瘃,05244,13
瘅,05245,13
瘊,05246,14
瘌,05247,14
瘐,05248,13
瘗,05249,14
瘘,05250,14
瘙,05251,14
瘥,05252,14
瘭,05253,16
瘰,05254,16
瘳,05255,16
瘵,05256,16
瘼,05257,15
瘿,05258,16
癀,05259,16
癃,05260,16
癍,05261,17
癔,05262,18
癜,05263,18
癫,05264,21
癯,05265,23
皑,05266,11
皙,05267,13
皤,05268,17
皲,05269,11
盱,05270,8
眄,05271,9
眈,05272,9
眍,05273,9
眙,05274,10
眚,05275,10
眢,05276,10
眦,05277,11
眭,05278,11
眵,05279,11
睃,05280,12
睇,05281,12
睐,05282,12
睑,05283,12
睚,05284,13
睾,05285,14
瞀,05286,14
瞅,05287,14
瞍,05288,14
瞢,05289,15
瞩,05290,17
瞵,05291,17
矍,05292,20
矧,05293,9
矬,05294,12
矶,05295,7
矸,05296,8
砀,05297,8
砉,05298,9
砑,05299,9
砒,05300,9
砗,05301,9
砘,05302,9
砜,05303,9
砹,05304,10
砺,05305,10
砻,05306,10
砼,05307,10
硇,05308,11
硌,05309,11
硐,05310,11
硒,05311,11
硖,05312,11
硗,05313,11
硪,05314,12
硭,05315,11
硷,05316,12
碇,05317,13
碚,05318,13
碛,05319,13
碜,05320,13
碡,05321,14
碥,05322,14
碲,05323,14
碹,05324,14
磉,05325,15
磔,05326,15
磙,05327,15
磲,05328,16
礅,05329,17
礓,05330,18
礞,05331,18
礤,05332,19
礴,05333,21
礻,05334,4
祓,05335,9
祛,05336,9
祜,05337,9
祢,05338,9
祧,05339,10
祯,05340,10
禄,05341,12
禅,05342,12
禊,05343,13
禚,05344,14
禳,05345,21
秭,05346,9
稂,05347,12
稆,05348,11
稗,05349,13
稣,05350,13
穑,05351,16
穰,05352,22
穸,05353,8
窀,05354,9
窦,05355,13
窬,05356,14
窭,05357,14
窳,05358,15
竦,05359,12
笃,05360,9
笄,05361,10
笈,05362,9
笊,05363,10
笏,05364,10
笕,05365,10
笥,05366,11
笪,05367,11
笫,05368,10
笱,05369,11
笳,05370,11
笸,05371,11
笺,05372,11
笾,05373,11
筅,05374,12
筇,05375,11
筌,05376,12
筘,05377,12
筚,05378,12
筢,05379,13
筱,05380,13
筲,05381,13
筻,05382,13
箅,05383,14
箐,05384,14
箜,05385,14
箢,05386,14
箦,05387,14
箧,05388,14
箨,05389,14
箪,05390,14
箬,05391,14
篑,05392,15
篚,05393,16
篝,05394,16
篥,05395,16
篪,05396,16
篼,05397,17
簋,05398,17
簏,05399,17
簖,05400,17
簟,05401,18
簦,05402,18
籀,05403,19
籁,05404,19
籴,05405,8
籼,05406,9
粑,05407,10
粝,05408,11
粞,05409,12
粲,05410,13
粼,05411,14
糁,05412,14
糅,05413,15
糇,05414,15
糈,05415,15
糌,05416,15
糍,05417,15
糗,05418,16
糨,05419,18
絷,05420,12
綦,05421,14
綮,05422,14
縻,05423,17
繇,05424,17
纂,05425,20
纛,05426,25
纡,05427,6
纣,05428,6
纥,05429,6
纨,05430,6
纩,05431,6
纭,05432,7
纰,05433,7
纶,05434,7
纾,05435,7
绀,05436,8
绁,05437,8
绂,05438,8
绉,05439,8
绋,05440,8
绌,05441,8
绐,05442,8
绔,05443,9
绗,05444,9
绚,05445,9
绛,05446,9
绠,05447,10
绡,05448,10
绥,05449,10
绦,05450,10
绨,05451,10
绫,05452,11
绮,05453,11
绯,05454,11
绲,05455,11
绶,05456,11
绺,05457,11
绻,05458,11
绾,05459,11
缂,05460,12
缃,05461,12
缄,05462,12
缇,05463,12
缈,05464,12
缉,05465,12
缌,05466,12
缏,05467,12
缑,05468,12
缒,05469,12
缗,05470,12
缙,05471,13
缛,05472,13
缜,05473,13
缟,05474,13
缡,05475,13
缢,05476,13
缣,05477,13
缥,05478,14
缦,05479,14
缧,05480,14
缫,05481,14
缬,05482,15
缮,05483,15
缯,05484,15
缱,05485,16
缲,05486,16
缳,05487,16
缵,05488,19
罂,05489,14
罅,05490,17
罘,05491,9
罡,05492,10
罨,05493,13
罱,05494,14
罴,05495,14
罾,05496,17
羁,05497,17
羝,05498,11
羟,05499,11
羧,05500,13
羰,05501,15
羼,05502,21
翊,05503,11
翥,05504,14
翦,05505,15
耔,05506,9
耖,05507,10
耠,05508,12
耢,05509,13
耥,05510,14
耧,05511,15
耪,05512,16
耱,05513,22
耵,05514,8
耷,05515,9
聃,05516,11
聍,05517,11
聩,05518,15
肟,05519,7
肭,05520,8
肷,05521,8
肼,05522,8
肽,05523,8
胂,05524,9
胍,05525,9
胗,05526,9
胙,05527,9
胨,05528,9
胩,05529,9
胪,05530,9
胫,05531,9
胬,05532,11
胲,05533,10
胺,05534,10
脍,05535,10
脎,05536,10
脒,05537,10
脔,05538,12
脘,05539,11
脞,05540,11
脬,05541,11
脲,05542,11
脶,05543,11
腈,05544,12
腙,05545,12
腚,05546,12
腠,05547,13
腧,05548,13
腩,05549,13
腭,05550,13
腼,05551,13
腽,05552,13
膑,05553,14
膦,05554,16
膪,05555,16
膻,05556,17
臁,05557,17
臆,05558,17
臌,05559,17
舁,05560,9
舄,05561,12
舡,05562,9
舣,05563,9
舴,05564,11
舸,05565,11
舻,05566,11
舾,05567,12
艄,05568,13
艚,05569,17
艟,05570,18
艨,05571,19
艴,05572,11
艽,05573,5
艿,05574,5
芄,05575,6
芈,05576,7
芊,05577,6
芎,05578,6
芏,05579,6
芑,05580,6
芗,05581,6
芘,05582,7
芡,05583,7
芨,05584,6
芩,05585,7
芪,05586,7
芫,05587,7
芮,05588,7
芴,05589,7
苁,05590,7
苄,05591,7
苈,05592,7
苊,05593,7
苋,05594,7
苌,05595,7
苎,05596,7
苕,05597,8
苘,05598,8
苠,05599,8
苡,05600,7
苤,05601,8
苴,05602,8
苷,05603,8
苻,05604,8
茈,05605,9
茌,05606,8
茏,05607,8
茑,05608,8
茔,05609,8
茕,05610,8
茚,05611,8
茛,05612,9
茜,05613,9
茭,05614,9
茯,05615,9
茼,05616,9
荇,05617,9
荑,05618,9
荛,05619,9
荜,05620,9
荟,05621,9
荥,05622,9
荦,05623,9
荨,05624,9
荩,05625,9
荪,05626,9
荫,05627,9
荬,05628,9
荭,05629,9
荽,05630,10
莅,05631,10
莛,05632,9
莜,05633,10
莨,05634,10
莩,05635,10
莪,05636,10
莰,05637,10
莳,05638,10
莴,05639,10
莶,05640,10
莸,05641,10
莼,05642,10
菀,05643,11
菏,05644,11
菖,05645,11
菘,05646,11
菝,05647,11
菡,05648,11
菥,05649,11
菪,05650,11
菹,05651,11
萁,05652,11
萏,05653,11
萑,05654,11
萘,05655,11
萜,05656,11
萦,05657,11
葑,05658,12
葚,05659,12
葜,05660,12
葳,05661,12
葶,05662,12
葸,05663,12
葺,05664,12
蒇,05665,12
蒈,05666,12
蒉,05667,12
蒎,05668,12
蒗,05669,13
蒡,05670,13
蒯,05671,13
蒴,05672,13
蒹,05673,13
蒺,05674,13
蒽,05675,13
蓁,05676,13
蓍,05677,13
蓐,05678,13
蓟,05679,13
蓠,05680,13
蓣,05681,13
蓥,05682,13
蓦,05683,13
蓰,05684,14
蓼,05685,14
蔌,05686,14
蔟,05687,14
蔷,05688,14
蔸,05689,14
蔹,05690,14
蔺,05691,14
蔻,05692,14
蕖,05693,14
蕤,05694,15
蕲,05695,15
蕹,05696,16
蕺,05697,15
蕻,05698,16
薅,05699,16
薏,05700,16
薤,05701,16
薮,05702,16
薰,05703,17
薷,05704,17
薹,05705,17
藁,05706,17
藉,05707,17
藓,05708,17
藜,05709,18
藩,05710,18
藿,05711,19
蘅,05712,19
蘖,05713,20
蘧,05714,19
蘩,05715,20
蘼,05716,22
虢,05717,15
虬,05718,7
虮,05719,8
虿,05720,9
蚋,05721,10
蚍,05722,10
蚝,05723,10
蚧,05724,10
蚨,05725,10
蚬,05726,10
蚰,05727,11
蚴,05728,11
蚺,05729,11
蛊,05730,11
蛎,05731,11
蛏,05732,11
蛑,05733,12
蛘,05734,12
蛩,05735,12
蛰,05736,12
蛱,05737,12
蛲,05738,12
蛳,05739,12
蛴,05740,12
蛸,05741,13
蜉,05742,13
蜍,05743,13
蜚,05744,14
蜞,05745,14
蜣,05746,13
蜮,05747,14
蜱,05748,14
蜾,05749,14
蝈,05750,14
蝣,05751,15
蝤,05752,15
蝥,05753,15
蝮,05754,15
蝰,05755,15
蝻,05756,15
蝼,05757,15
蝽,05758,15
蝾,05759,15
螅,05760,16
螈,05761,16
螋,05762,15
螗,05763,16
螨,05764,16
螬,05765,17
螭,05766,16
螯,05767,16
螵,05768,17
螽,05769,17
蟊,05770,17
蟛,05771,18
蟮,05772,18
蠃,05773,19
蠊,05774,19
蠓,05775,19
蠖,05776,19
蠡,05777,21
蠲,05778,23
蠹,05779,24
蠼,05780,26
衄,05781,10
衢,05782,24
衮,05783,10
衲,05784,9
衾,05785,10
衿,05786,9
袅,05787,10
袢,05788,10
袤,05789,11
袼,05790,11
裉,05791,11
裎,05792,12
裢,05793,12
裣,05794,12
裥,05795,12
裰,05796,13
裱,05797,13
裼,05798,13
裾,05799,13
褙,05800,14
褛,05801,14
褰,05802,16
褴,05803,15
襁,05804,17
襦,05805,19
襻,05806,24
觇,05807,9
觊,05808,10
觋,05809,11
觌,05810,12
觎,05811,13
觏,05812,14
觐,05813,15
觑,05814,15
觖,05815,11
觚,05816,12
觜,05817,13
觞,05818,12
觥,05819,13
觫,05820,14
觯,05821,15
觳,05822,17
訇,05823,9
謇,05824,17
讣,05825,4
讦,05826,5
讧,05827,5
讪,05828,5
讫,05829,5
讴,05830,6
讵,05831,6
讷,05832,6
诂,05833,7
诃,05834,7
诋,05835,7
诌,05836,7
诎,05837,7
诏,05838,7
诒,05839,7
诓,05840,8
诔,05841,8
诖,05842,8
诘,05843,8
诙,05844,8
诛,05845,8
诜,05846,8
诟,05847,8
诠,05848,8
诣,05849,8
诤,05850,8
诧,05851,8
诨,05852,8
诩,05853,8
诮,05854,9
诰,05855,9
诳,05856,9
诹,05857,10
诼,05858,10
诿,05859,10
谀,05860,10
谂,05861,10
谄,05862,10
谇,05863,10
谌,05864,11
谏,05865,11
谑,05866,11
谔,05867,11
谕,05868,11
谖,05869,11
谗,05870,11
谙,05871,11
谛,05872,11
谝,05873,11
谟,05874,12
谠,05875,12
谥,05876,12
谧,05877,12
谩,05878,13
谪,05879,13
谫,05880,13
谮,05881,14
谯,05882,14
谰,05883,14
谲,05884,14
谳,05885,15
谵,05886,15
谶,05887,19
豇,05888,10
豸,05889,7
貅,05890,13
貔,05891,17
貘,05892,17
贲,05893,9
贳,05894,9
贶,05895,9
贻,05896,9
贽,05897,10
赀,05898,10
赅,05899,10
赆,05900,10
赇,05901,11
赈,05902,11
赉,05903,11
赍,05904,12
赓,05905,12
赙,05906,14
赜,05907,15
赝,05908,16
赣,05909,21
趄,05910,12
趑,05911,13
趔,05912,13
趱,05913,23
趵,05914,10
趸,05915,10
趼,05916,11
趿,05917,10
跄,05918,11
跏,05919,12
跖,05920,12
跗,05921,12
跞,05922,12
跣,05923,13
跬,05924,13
跸,05925,13
跹,05926,13
跻,05927,13
踅,05928,14
踉,05929,14
踌,05930,14
踔,05931,15
踣,05932,15
踬,05933,15
踮,05934,15
踯,05935,15
踺,05936,15
踽,05937,16
蹀,05938,16
蹁,05939,16
蹇,05940,17
蹑,05941,17
蹒,05942,17
蹩,05943,18
蹯,05944,19
蹰,05945,19
蹿,05946,19
躅,05947,20
躇,05948,18
躐,05949,22
躔,05950,22
躜,05951,23
躞,05952,24
轫,05953,7
轭,05954,8
轱,05955,9
轲,05956,9
轳,05957,9
轵,05958,9
轶,05959,9
轷,05960,9
轸,05961,9
轺,05962,9
轼,05963,10
轾,05964,10
辁,05965,10
辂,05966,10
辄,05967,11
辇,05968,12
辊,05969,12
辋,05970,12
辍,05971,12
辎,05972,12
辏,05973,13
辔,05974,13
辗,05975,14
辘,05976,15
辚,05977,16
迓,05978,7
迕,05979,7
迮,05980,8
逄,05981,9
逋,05982,10
逑,05983,10
逡,05984,10
逦,05985,10
逭,05986,11
逯,05987,11
遄,05988,12
遒,05989,12
遽,05990,16
邂,05991,16
邃,05992,17
邈,05993,17
邋,05994,18
邗,05995,5
邙,05996,5
邛,05997,5
邝,05998,5
邡,05999,6
邬,06000,6
邯,06001,7
邰,06002,7
邳,06003,7
邴,06004,7
邹,06005,7
邺,06006,7
邾,06007,8
郄,06008,8
郅,06009,8
郇,06010,8
郏,06011,8
郐,06012,8
郓,06013,8
郗,06014,9
郛,06015,9
郜,06016,9
郦,06017,9
郧,06018,9
郫,06019,10
郯,06020,10
郴,06021,10
郸,06022,10
鄄,06023,11
鄢,06024,13
鄣,06025,13
鄯,06026,14
鄹,06027,16
酃,06028,19
酆,06029,20
酎,06030,10
酏,06031,10
酚,06032,11
酞,06033,11
酡,06034,12
酢,06035,12
酤,06036,12
酮,06037,13
酯,06038,13
酰,06039,13
酲,06040,14
酶,06041,14
酹,06042,14
酽,06043,14
酾,06044,14
醅,06045,15
醌,06046,15
醍,06047,16
醐,06048,16
醑,06049,16
醚,06050,16
醛,06051,16
醢,06052,17
醪,06053,18
醭,06054,19
醯,06055,19
醴,06056,20
醵,06057,20
醺,06058,21
銎,06059,14
銮,06060,14
鋈,06061,15
錾,06062,16
鍪,06063,17
鎏,06064,18
鏊,06065,18
鐾,06066,21
鑫,06067,24
钆,06068,6
钇,06069,6
钊,06070,7
钋,06071,7
钌,06072,7
钍,06073,8
钎,06074,8
钏,06075,8
钐,06076,8
钒,06077,8
钔,06078,8
钕,06079,8
钗,06080,8
钚,06081,9
钛,06082,9
钜,06083,9
钣,06084,9
钤,06085,9
钨,06086,9
钪,06087,9
钫,06088,9
钬,06089,9
钭,06090,9
钯,06091,9
钰,06092,10
钲,06093,10
钴,06094,10
钵,06095,10
钷,06096,10
钹,06097,10
钺,06098,10
钼,06099,10
钽,06100,10
钿,06101,10
铀,06102,10
铂,06103,10
铄,06104,10
铈,06105,10
铉,06106,10
铊,06107,10
铋,06108,10
铌,06109,10
铍,06110,10
铎,06111,10
铑,06112,11
铒,06113,11
铕,06114,11
铗,06115,11
铘,06116,11
铙,06117,11
铞,06118,11
铟,06119,11
铠,06120,11
铢,06121,11
铤,06122,11
铥,06123,11
铧,06124,11
铨,06125,11
铩,06126,11
铪,06127,11
铫,06128,11
铬,06129,11
铮,06130,11
铯,06131,11
铰,06132,11
铱,06133,11
铳,06134,11
铴,06135,11
铷,06136,11
铹,06137,12
铼,06138,12
铽,06139,12
铿,06140,12
锂,06141,12
锃,06142,12
锆,06143,12
锇,06144,12
锊,06145,12
锎,06146,12
锏,06147,12
锑,06148,12
锒,06149,12
锓,06150,12
锔,06151,12
锕,06152,12
锖,06153,13
锗,06154,13
锘,06155,13
锛,06156,13
锝,06157,13
锞,06158,13
锟,06159,13
锢,06160,13
锩,06161,13
锪,06162,13
锫,06163,13
锬,06164,13
锱,06165,13
锲,06166,14
锴,06167,14
锵,06168,14
锶,06169,14
锷,06170,14
锸,06171,14
锺,06172,14
锾,06173,14
锿,06174,14
镁,06175,14
镂,06176,14
镄,06177,14
镅,06178,14
镆,06179,15
镉,06180,15
镌,06181,15
镍,06182,15
镎,06183,15
镏,06184,15
镑,06185,15
镒,06186,15
镓,06187,15
镖,06188,16
镗,06189,16
镘,06190,16
镛,06191,16
镝,06192,16
镞,06193,16
镡,06194,17
镢,06195,17
镤,06196,17
镥,06197,17
镦,06198,17
镧,06199,17
镨,06200,17
镩,06201,17
镪,06202,17
镫,06203,17
镬,06204,18
镭,06205,18
镯,06206,18
镱,06207,18
镲,06208,19
镳,06209,20
闩,06210,4
闫,06211,6
闱,06212,7
闳,06213,7
闵,06214,7
闶,06215,7
闼,06216,9
闾,06217,9
阂,06218,9
阃,06219,10
阄,06220,10
阆,06221,10
阈,06222,11
阉,06223,11
阊,06224,11
阋,06225,11
阌,06226,11
阍,06227,11
阏,06228,11
阑,06229,12
阒,06230,12
阕,06231,12
阖,06232,13
阗,06233,13
阙,06234,13
阚,06235,14
阢,06236,5
阼,06237,7
阽,06238,7
陇,06239,7
陔,06240,8
陟,06241,9
陧,06242,9
隈,06243,11
隗,06244,11
隰,06245,16
隳,06246,17
隼,06247,10
隽,06248,10
雎,06249,13
雠,06250,18
霁,06251,14
霈,06252,15
霪,06253,19
霭,06254,19
霰,06255,20
霾,06256,22
靓,06257,12
靥,06258,15
靳,06259,13
鞑,06260,15
鞒,06261,15
鞫,06262,18
鞯,06263,18
鞲,06264,19
鞴,06265,19
韦,06266,4
韪,06267,13
韫,06268,13
韬,06269,14
顸,06270,9
顼,06271,10
颀,06272,10
颃,06273,10
颉,06274,12
颌,06275,12
颍,06276,12
颏,06277,12
颐,06278,13
颔,06279,13
颚,06280,15
颛,06281,15
颞,06282,16
颟,06283,16
颡,06284,16
颢,06285,18
颥,06286,20
颦,06287,21
颧,06288,23
飑,06289,9
飓,06290,12
飕,06291,13
飚,06292,16
飨,06293,12
餍,06294,15
饔,06295,22
饕,06296,22
饧,06297,6
饨,06298,7
饩,06299,7
饪,06300,7
饫,06301,7
饬,06302,7
饯,06303,8
饴,06304,8
饷,06305,9
饽,06306,10
馀,06307,10
馄,06308,11
馇,06309,12
馈,06310,12
馊,06311,12
馐,06312,13
馑,06313,14
馓,06314,15
馔,06315,15
馕,06316,25
馗,06317,11
馘,06318,17
馨,06319,20
驭,06320,5
驵,06321,8
驷,06322,8
驸,06323,8
驺,06324,8
驽,06325,8
驿,06326,8
骀,06327,8
骁,06328,9
骅,06329,9
骈,06330,9
骊,06331,10
骋,06332,10
骐,06333,11
骒,06334,11
骓,06335,11
骖,06336,11
骘,06337,12
骛,06338,12
骜,06339,13
骝,06340,13
骞,06341,13
骟,06342,13
骠,06343,14
骣,06344,15
骥,06345,19
骧,06346,20
骶,06347,14
骺,06348,15
髀,06349,17
髂,06350,18
髅,06351,18
髋,06352,19
髌,06353,19
髑,06354,22
髫,06355,15
髹,06356,16
鬈,06357,18
鬏,06358,19
鬟,06359,23
鬣,06360,25
鬯,06361,10
鬻,06362,22
魃,06363,14
魇,06364,15
魈,06365,16
魉,06366,16
魑,06367,19
鱿,06368,12
鲂,06369,12
鲅,06370,13
鲆,06371,13
鲇,06372,13
鲈,06373,13
鲋,06374,13
鲍,06375,13
鲎,06376,13
鲐,06377,13
鲑,06378,14
鲔,06379,14
鲚,06380,14
鲛,06381,14
鲞,06382,14
鲟,06383,14
鲠,06384,15
鲡,06385,15
鲢,06386,15
鲣,06387,15
鲥,06388,15
鲦,06389,15
鲧,06390,15
鲨,06391,15
鲩,06392,15
鲭,06393,16
鲮,06394,16
鲰,06395,16
鲲,06396,16
鲳,06397,16
鲴,06398,16
鲵,06399,16
鲷,06400,16
鲺,06401,16
鲻,06402,16
鲼,06403,17
鲽,06404,17
鳃,06405,17
鳅,06406,17
鳆,06407,17
鳇,06408,17
鳊,06409,17
鳌,06410,18
鳎,06411,18
鳏,06412,18
鳐,06413,18
鳓,06414,19
鳔,06415,19
鳕,06416,19
鳗,06417,19
鳘,06418,19
鳙,06419,19
鳜,06420,20
鳝,06421,20
鳟,06422,20
鳢,06423,21
鸢,06424,8
鸨,06425,9
鸩,06426,9
鸪,06427,10
鸫,06428,10
鸬,06429,10
鸱,06430,10
鸲,06431,10
鸶,06432,10
鸷,06433,11
鸸,06434,11
鸹,06435,11
鸺,06436,11
鸾,06437,11
鹁,06438,12
鹂,06439,12
鹄,06440,12
鹆,06441,12
鹇,06442,12
鹈,06443,12
鹋,06444,13
鹌,06445,13
鹎,06446,13
鹑,06447,13
鹗,06448,14
鹘,06449,14
鹚,06450,14
鹛,06451,14
鹜,06452,14
鹞,06453,15
鹣,06454,15
鹧,06455,16
鹨,06456,16
鹩,06457,17
鹪,06458,17
鹫,06459,17
鹬,06460,17
鹭,06461,18
鹱,06462,18
鹳,06463,22
麇,06464,16
麈,06465,16
麝,06466,21
麟,06467,23
麽,06468,14
黉,06469,16
黟,06470,18
黢,06471,19
黥,06472,20
黧,06473,20
黩,06474,20
黯,06475,21
黹,06476,12
黻,06477,17
黼,06478,19
黾,06479,8
鼋,06480,12
鼍,06481,20
鼐,06482,14
鼗,06483,19
鼙,06484,21
鼢,06485,17
鼯,06486,20
鼷,06487,23
鼹,06488,23
齑,06489,15
龀,06490,10
龃,06491,13
龅,06492,13
龆,06493,13
龇,06494,14
龈,06495,14
龉,06496,15
龊,06497,15
龋,06498,17
龌,06499,17
乙,06500,1
兀,06501,3
升,06502,4
旦,06503,5
失,06504,5
丞,06505,6
牟,06506,6
休,06507,6
吹,06508,7
宏,06509,7
每,06510,7
址,06511,7
隹,06512,8
其,06513,8
明,06514,8
叔,06515,8
忠,06516,8
穿,06517,9
革,06518,9
姥,06519,9
毗,06520,9
咸,06521,9
泱,06522,8
倘,06523,10
肪,06524,8
耕,06525,10
料,06526,10
徒,06527,10
殷,06528,10
彬,06529,11
蛋,06530,11
狼,06531,10
鹿,06532,11
羞,06533,10
趾,06534,11
弼,06535,12
等,06536,12
猓,06537,11
喱,06538,12
迢,06539,8
添,06540,11
陂,06541,7
港,06542,12
逅,06543,9
援,06544,12
熙,06545,14
渝,06546,12
端,06547,14
猾,06548,12
慝,06549,14
榫,06550,14
漂,06551,14
郭,06552,10
瘤,06553,15
漾,06554,14
遏,06555,12
瓢,06556,16
糖,06557,16
螫,06558,17
膝,06559,15
鄞,06560,13
与,06561,3
业,06562,5
夺,06563,6
讲,06564,6
苏,06565,7
闷,06566,7
苹,06567,8
肿,06568,8
驻,06569,8
钥,06570,9
宪,06571,9
毙,06572,10
涨,06573,10
脸,06574,11
暂,06575,12
摄,06576,13
赚,06577,14
霸,06578,21
坠,06579,7
昵,06580,9
脓,06581,10
焕,06582,11
蓖,06583,13
篓,06584,15
髓,06585,21
僬,06586,14
咭,06587,9
嘏,06588,14
埯,06589,11
孥,06590,8
帧,06591,9
恝,06592,10
掮,06593,11
晖,06594,10
椁,06595,12
殛,06596,12
浜,06597,10
澍,06598,15
犏,06599,13
琚,06600,12
瘛,06601,15
砣,06602,10
窨,06603,14
粜,06604,11
缁,06605,11
耩,06606,16
舳,06607,11
茳,06608,9
蒌,06609,12
虼,06610,9
蟪,06611,18
詈,06612,12
谡,06613,12
跽,06614,14
迩,06615,8
酐,06616,10
钡,06617,9
铵,06618,11
镔,06619,15
陉,06620,7
飙,06621,16
骢,06622,14
鲱,06623,16
鹕,06624,14
